website,vin,img_src,year,model,make,name,price,href
https://www.beavertontoyota.com,7MUFBABG2PV001183,https://www.beavertontoyota.com/assets/stock/colormatched_01/transparent/1280/cc_2023tos25_01_1280/cc_2023tos250009_01_1280_d16.png?bg-color=FFFFFF&width=300,2023,Corolla Cross,Toyota,2023 Toyota Corolla Cross Hybrid XSE with Accessories,37494,https://www.beavertontoyota.com/new-Beaverton-2023-Toyota-Corolla+Cross-Hybrid+XSE+with+Accessories-7MUFBABG2PV001183
https://www.beavertontoyota.com,7MUFBABG2PV003967,https://www.beavertontoyota.com/assets/stock/colormatched_01/transparent/1280/cc_2023tos25_01_1280/cc_2023tos250007_01_1280_d10.png?bg-color=FFFFFF&width=300,2023,Corolla Cross,Toyota,2023 Toyota Corolla Cross Hybrid XSE,34909,https://www.beavertontoyota.com/new-Beaverton-2023-Toyota-Corolla+Cross-Hybrid+XSE-7MUFBABG2PV003967
https://www.beavertontoyota.com,7SVAAABA1PX016244,https://www.beavertontoyota.com/assets/stock/colormatched_01/transparent/1280/cc_2023tos13_01_1280/cc_2023tos130018_01_1280_089.png?bg-color=FFFFFF&width=300,2023,Sequoia,Toyota,2023 Toyota Sequoia Platinum,79535,https://www.beavertontoyota.com/new-Beaverton-2023-Toyota-Sequoia-Platinum-7SVAAABA1PX016244
https://www.beavertontoyota.com,7SVAAABA5PX016747,https://www.beavertontoyota.com/assets/stock/colormatched_01/transparent/1280/cc_2023tos13_01_1280/cc_2023tos130024_01_1280_8x8.png?bg-color=FFFFFF&width=300,2023,Sequoia,Toyota,2023 Toyota Sequoia Platinum,79458,https://www.beavertontoyota.com/new-Beaverton-2023-Toyota-Sequoia-Platinum-7SVAAABA5PX016747
https://www.beavertontoyota.com,4T1S31AK8PU617702,https://www.beavertontoyota.com/assets/stock/colormatched_01/transparent/1280/cc_2023toc20_01_1280/cc_2023toc200086_01_1280_040.png?bg-color=FFFFFF&width=300,2023,Camry Hybrid,Toyota,2023 Toyota Camry Hybrid SE with Accessories,35818,https://www.beavertontoyota.com/new-Beaverton-2023-Toyota-Camry+Hybrid-SE+with+Accessories-4T1S31AK8PU617702
https://www.beavertontoyota.com,4T1G31AK7PU614862,https://www.beavertontoyota.com/assets/stock/colormatched_01/transparent/1280/cc_2023toc20_01_1280/cc_2023toc200086_01_1280_040.png?bg-color=FFFFFF&width=300,2023,Camry Hybrid,Toyota,2023 Toyota Camry Hybrid SE,31713,https://www.beavertontoyota.com/new-Beaverton-2023-Toyota-Camry+Hybrid-SE-4T1G31AK7PU614862
https://www.beavertontoyota.com,JTMABACA1PA022876,https://www.beavertontoyota.com/inventoryphotos/8759/jtmabaca1pa022876/ip/1.jpg?bg-color=FFFFFF&width=300,2023,bZ4X,Toyota,2023 Toyota bZ4X XLE,43052,https://www.beavertontoyota.com/new-Beaverton-2023-Toyota-bZ4X-XLE-JTMABACA1PA022876
https://www.beavertontoyota.com,JTMABACA7PA022719,https://www.beavertontoyota.com/inventoryphotos/8759/jtmabaca7pa022719/ip/1.jpg?bg-color=FFFFFF&width=300,2023,bZ4X,Toyota,2023 Toyota bZ4X XLE,46609,https://www.beavertontoyota.com/new-Beaverton-2023-Toyota-bZ4X-XLE-JTMABACA7PA022719
https://www.beavertontoyota.com,JTMABACA0PA028913,https://www.beavertontoyota.com/assets/stock/colormatched_01/transparent/1280/cc_2023tos24_01_1280/cc_2023tos240007_01_1280_089.png?bg-color=FFFFFF&width=300,2023,bZ4X,Toyota,2023 Toyota bZ4X Limited,51939,https://www.beavertontoyota.com/new-Beaverton-2023-Toyota-bZ4X-Limited-JTMABACA0PA028913
https://www.beavertontoyota.com,JTMABACAXPA029082,https://www.beavertontoyota.com/assets/stock/colormatched_01/transparent/1280/cc_2023tos24_01_1280/cc_2023tos240013_01_1280_2mr.png?bg-color=FFFFFF&width=300,2023,bZ4X,Toyota,2023 Toyota bZ4X Limited,51929,https://www.beavertontoyota.com/new-Beaverton-2023-Toyota-bZ4X-Limited-JTMABACAXPA029082
https://www.beavertontoyota.com,JTMAB3FV1PD143237,https://www.beavertontoyota.com/assets/stock/colormatched_01/transparent/1280/cc_2023tos22_01_1280/cc_2023tos220025_01_1280_8x8.png?bg-color=FFFFFF&width=300,2023,RAV4 Prime,Toyota,2023 Toyota RAV4 Prime SE,51387,https://www.beavertontoyota.com/new-Beaverton-2023-Toyota-RAV4+Prime-SE-JTMAB3FV1PD143237
https://www.beavertontoyota.com,JTMEB3FV6PD140531,https://www.beavertontoyota.com/assets/stock/colormatched_01/transparent/1280/cc_2023tos22_01_1280/cc_2023tos220029_01_1280_2ra.png?bg-color=FFFFFF&width=300,2023,RAV4 Prime,Toyota,2023 Toyota RAV4 Prime XSE,53762,https://www.beavertontoyota.com/new-Beaverton-2023-Toyota-RAV4+Prime-XSE-JTMEB3FV6PD140531
https://www.beavertontoyota.com,JTMAB3FVXPD143561,https://www.beavertontoyota.com/assets/stock/colormatched_01/transparent/1280/cc_2023tos22_01_1280/cc_2023tos220024_01_1280_3u5.png?bg-color=FFFFFF&width=300,2023,RAV4 Prime,Toyota,2023 Toyota RAV4 Prime SE,47757,https://www.beavertontoyota.com/new-Beaverton-2023-Toyota-RAV4+Prime-SE-JTMAB3FVXPD143561
https://www.beavertontoyota.com,JTMAB3FV4PD142177,https://www.beavertontoyota.com/assets/stock/colormatched_01/transparent/1280/cc_2023tos22_01_1280/cc_2023tos220023_01_1280_1g3.png?bg-color=FFFFFF&width=300,2023,RAV4 Prime,Toyota,2023 Toyota RAV4 Prime SE,47058,https://www.beavertontoyota.com/new-Beaverton-2023-Toyota-RAV4+Prime-SE-JTMAB3FV4PD142177
https://www.beavertontoyota.com,JTMAB3FV9PD142420,https://www.beavertontoyota.com/assets/stock/colormatched_01/transparent/1280/cc_2023tos22_01_1280/cc_2023tos220022_01_1280_218.png?bg-color=FFFFFF&width=300,2023,RAV4 Prime,Toyota,2023 Toyota RAV4 Prime SE,47058,https://www.beavertontoyota.com/new-Beaverton-2023-Toyota-RAV4+Prime-SE-JTMAB3FV9PD142420
https://www.beavertontoyota.com,JTMAB3FVXPD143270,https://www.beavertontoyota.com/assets/stock/colormatched_01/transparent/1280/cc_2023tos22_01_1280/cc_2023tos220021_01_1280_040.png?bg-color=FFFFFF&width=300,2023,RAV4 Prime,Toyota,2023 Toyota RAV4 Prime SE,47332,https://www.beavertontoyota.com/new-Beaverton-2023-Toyota-RAV4+Prime-SE-JTMAB3FVXPD143270
https://www.beavertontoyota.com,5TDKARAH0PS526294,https://www.beavertontoyota.com/assets/stock/colormatched_01/transparent/1280/cc_2023tos16_01_1280/cc_2023tos160031_01_1280_1j9.png?bg-color=FFFFFF&width=300,2023,Highlander Hybrid,Toyota,2023 Toyota Highlander Hybrid XLE,46666,https://www.beavertontoyota.com/new-Beaverton-2023-Toyota-Highlander+Hybrid-XLE-5TDKARAH0PS526294
https://www.beavertontoyota.com,5TDKARAH6PS526302,https://www.beavertontoyota.com/assets/stock/colormatched_01/transparent/1280/cc_2023tos16_01_1280/cc_2023tos160030_01_1280_218.png?bg-color=FFFFFF&width=300,2023,Highlander Hybrid,Toyota,2023 Toyota Highlander Hybrid XLE,46666,https://www.beavertontoyota.com/new-Beaverton-2023-Toyota-Highlander+Hybrid-XLE-5TDKARAH6PS526302
https://www.beavertontoyota.com,5TDEBRCH2PS590425,https://www.beavertontoyota.com/assets/stock/colormatched_01/transparent/1280/cc_2023tos16_01_1280/cc_2023tos160093_01_1280_8x8.png?bg-color=FFFFFF&width=300,2023,Highlander Hybrid,Toyota,2023 Toyota Highlander Hybrid Platinum with Accessories,58211,https://www.beavertontoyota.com/new-Beaverton-2023-Toyota-Highlander+Hybrid-Platinum+with+Accessories-5TDEBRCH2PS590425
https://www.beavertontoyota.com,5TDBBRCH9PS130651,https://www.beavertontoyota.com/assets/stock/colormatched_01/transparent/1280/cc_2023tos16_01_1280/cc_2023tos160039_01_1280_1g3.png?bg-color=FFFFFF&width=300,2023,Highlander Hybrid,Toyota,2023 Toyota Highlander Hybrid LE,44507,https://www.beavertontoyota.com/new-Beaverton-2023-Toyota-Highlander+Hybrid-LE-5TDBBRCH9PS130651
https://www.beavertontoyota.com,5TDEBRCH3PS130075,https://www.beavertontoyota.com/assets/stock/colormatched_01/transparent/1280/cc_2023tos16_01_1280/cc_2023tos160087_01_1280_089.png?bg-color=FFFFFF&width=300,2023,Highlander Hybrid,Toyota,2023 Toyota Highlander Hybrid Platinum,55493,https://www.beavertontoyota.com/new-Beaverton-2023-Toyota-Highlander+Hybrid-Platinum-5TDEBRCH3PS130075
https://www.beavertontoyota.com,5TDKARAH1PS526627,https://www.beavertontoyota.com/assets/stock/colormatched_01/transparent/1280/cc_2023tos16_01_1280/cc_2023tos160028_01_1280_089.png?bg-color=FFFFFF&width=300,2023,Highlander Hybrid,Toyota,2023 Toyota Highlander Hybrid XLE with Accessories,48386,https://www.beavertontoyota.com/new-Beaverton-2023-Toyota-Highlander+Hybrid-XLE+with+Accessories-5TDKARAH1PS526627
https://www.beavertontoyota.com,5TDBBRCH3PS590758,https://www.beavertontoyota.com/assets/stock/colormatched_01/transparent/1280/cc_2023tos16_01_1280/cc_2023tos160041_01_1280_1j9.png?bg-color=FFFFFF&width=300,2023,Highlander Hybrid,Toyota,2023 Toyota Highlander Hybrid LE,44507,https://www.beavertontoyota.com/new-Beaverton-2023-Toyota-Highlander+Hybrid-LE-5TDBBRCH3PS590758
https://www.beavertontoyota.com,5TDKARAH6PS526736,https://www.beavertontoyota.com/assets/stock/colormatched_01/transparent/1280/cc_2023tos16_01_1280/cc_2023tos160030_01_1280_218.png?bg-color=FFFFFF&width=300,2023,Highlander Hybrid,Toyota,2023 Toyota Highlander Hybrid XLE,46666,https://www.beavertontoyota.com/new-Beaverton-2023-Toyota-Highlander+Hybrid-XLE-5TDKARAH6PS526736
https://www.beavertontoyota.com,5TDKBRCH3PS131195,https://www.beavertontoyota.com/assets/stock/colormatched_01/transparent/1280/cc_2023tos16_01_1280/cc_2023tos160030_01_1280_218.png?bg-color=FFFFFF&width=300,2023,Highlander Hybrid,Toyota,2023 Toyota Highlander Hybrid XLE,49001,https://www.beavertontoyota.com/new-Beaverton-2023-Toyota-Highlander+Hybrid-XLE-5TDKBRCH3PS131195
https://www.beavertontoyota.com,5TDKBRCHXPS591311,https://www.beavertontoyota.com/assets/stock/colormatched_01/transparent/1280/cc_2023tos16_01_1280/cc_2023tos160030_01_1280_218.png?bg-color=FFFFFF&width=300,2023,Highlander Hybrid,Toyota,2023 Toyota Highlander Hybrid XLE,49001,https://www.beavertontoyota.com/new-Beaverton-2023-Toyota-Highlander+Hybrid-XLE-5TDKBRCHXPS591311
https://www.beavertontoyota.com,7MUAAABG1PV063963,https://www.beavertontoyota.com/assets/stock/colormatched_01/transparent/1280/cc_2023tos23_01_1280/cc_2023tos230007_01_1280_d11.png?bg-color=FFFFFF&width=300,2023,Corolla Cross,Toyota,2023 Toyota Corolla Cross L,27929,https://www.beavertontoyota.com/new-Beaverton-2023-Toyota-Corolla+Cross-L-7MUAAABG1PV063963
https://www.beavertontoyota.com,7MUBAABG8PV065388,https://www.beavertontoyota.com/assets/stock/colormatched_01/transparent/1280/cc_2023tos23_01_1280/cc_2023tos230013_01_1280_d11.png?bg-color=FFFFFF&width=300,2023,Corolla Cross,Toyota,2023 Toyota Corolla Cross LE with Accessories,29804,https://www.beavertontoyota.com/new-Beaverton-2023-Toyota-Corolla+Cross-LE+with+Accessories-7MUBAABG8PV065388
https://www.beavertontoyota.com,7MUDAABGXPV065918,https://www.beavertontoyota.com/assets/stock/colormatched_01/transparent/1280/cc_2023tos23_01_1280/cc_2023tos230002_01_1280_089.png?bg-color=FFFFFF&width=300,2023,Corolla Cross,Toyota,2023 Toyota Corolla Cross XLE with Accessories,34148,https://www.beavertontoyota.com/new-Beaverton-2023-Toyota-Corolla+Cross-XLE+with+Accessories-7MUDAABGXPV065918
https://www.beavertontoyota.com,7MUBAABG2PV059814,https://www.beavertontoyota.com/assets/stock/colormatched_01/transparent/1280/cc_2023tos23_01_1280/cc_2023tos230009_01_1280_089.png?bg-color=FFFFFF&width=300,2023,Corolla Cross,Toyota,2023 Toyota Corolla Cross LE,30009,https://www.beavertontoyota.com/new-Beaverton-2023-Toyota-Corolla+Cross-LE-7MUBAABG2PV059814
https://www.beavertontoyota.com,7MUDAABG9PV060659,https://www.beavertontoyota.com/assets/stock/colormatched_01/transparent/1280/cc_2023tos23_01_1280/cc_2023tos230007_01_1280_d11.png?bg-color=FFFFFF&width=300,2023,Corolla Cross,Toyota,2023 Toyota Corolla Cross XLE,32624,https://www.beavertontoyota.com/new-Beaverton-2023-Toyota-Corolla+Cross-XLE-7MUDAABG9PV060659
https://www.beavertontoyota.com,7MUDAABG6PV061333,https://www.beavertontoyota.com/assets/stock/colormatched_01/transparent/1280/cc_2023tos23_01_1280/cc_2023tos230004_01_1280_3r3.png?bg-color=FFFFFF&width=300,2023,Corolla Cross,Toyota,2023 Toyota Corolla Cross XLE with Accessories,34359,https://www.beavertontoyota.com/new-Beaverton-2023-Toyota-Corolla+Cross-XLE+with+Accessories-7MUDAABG6PV061333
https://www.beavertontoyota.com,7MUDAABG8PV062435,https://www.beavertontoyota.com/assets/stock/colormatched_01/transparent/1280/cc_2023tos23_01_1280/cc_2023tos230004_01_1280_3r3.png?bg-color=FFFFFF&width=300,2023,Corolla Cross,Toyota,2023 Toyota Corolla Cross XLE with Accessories,34544,https://www.beavertontoyota.com/new-Beaverton-2023-Toyota-Corolla+Cross-XLE+with+Accessories-7MUDAABG8PV062435
https://www.beavertontoyota.com,7MUFBABG2PV001183,https://www.beavertontoyota.com/assets/stock/colormatched_01/transparent/1280/cc_2023tos25_01_1280/cc_2023tos250009_01_1280_d16.png?bg-color=FFFFFF&width=300,2023,Corolla Cross,Toyota,2023 Toyota Corolla Cross Hybrid XSE with Accessories,37494,https://www.beavertontoyota.com/new-Beaverton-2023-Toyota-Corolla+Cross-Hybrid+XSE+with+Accessories-7MUFBABG2PV001183
https://www.beavertontoyota.com,7MUDAABG2PV064584,https://www.beavertontoyota.com/assets/stock/colormatched_01/transparent/1280/cc_2023tos23_01_1280/cc_2023tos230001_01_1280_d10.png?bg-color=FFFFFF&width=300,2023,Corolla Cross,Toyota,2023 Toyota Corolla Cross XLE with Accessories,34433,https://www.beavertontoyota.com/new-Beaverton-2023-Toyota-Corolla+Cross-XLE+with+Accessories-7MUDAABG2PV064584
https://www.beavertontoyota.com,7MUBAABG7PV067164,https://www.beavertontoyota.com/assets/stock/colormatched_01/transparent/1280/cc_2023tos23_01_1280/cc_2023tos230010_01_1280_3r3.png?bg-color=FFFFFF&width=300,2023,Corolla Cross,Toyota,2023 Toyota Corolla Cross LE with Accessories,31188,https://www.beavertontoyota.com/new-Beaverton-2023-Toyota-Corolla+Cross-LE+with+Accessories-7MUBAABG7PV067164
https://www.beavertontoyota.com,7MUFBABG2PV003967,https://www.beavertontoyota.com/assets/stock/colormatched_01/transparent/1280/cc_2023tos25_01_1280/cc_2023tos250007_01_1280_d10.png?bg-color=FFFFFF&width=300,2023,Corolla Cross,Toyota,2023 Toyota Corolla Cross Hybrid XSE,34909,https://www.beavertontoyota.com/new-Beaverton-2023-Toyota-Corolla+Cross-Hybrid+XSE-7MUFBABG2PV003967
https://www.beavertontoyota.com,7MUDAABG0PV067483,https://www.beavertontoyota.com/assets/stock/colormatched_01/transparent/1280/cc_2023tos23_01_1280/cc_2023tos230007_01_1280_d11.png?bg-color=FFFFFF&width=300,2023,Corolla Cross,Toyota,2023 Toyota Corolla Cross XLE,33108,https://www.beavertontoyota.com/new-Beaverton-2023-Toyota-Corolla+Cross-XLE-7MUDAABG0PV067483
https://www.beavertontoyota.com,7MUDAABGXPV067345,https://www.beavertontoyota.com/assets/stock/colormatched_01/transparent/1280/cc_2023tos23_01_1280/cc_2023tos230003_01_1280_1k3.png?bg-color=FFFFFF&width=300,2023,Corolla Cross,Toyota,2023 Toyota Corolla Cross XLE,33237,https://www.beavertontoyota.com/new-Beaverton-2023-Toyota-Corolla+Cross-XLE-7MUDAABGXPV067345
https://www.beavertontoyota.com,7MUBAABG5PV067633,https://www.beavertontoyota.com/assets/stock/colormatched_01/transparent/1280/cc_2023tos23_01_1280/cc_2023tos230012_01_1280_d10.png?bg-color=FFFFFF&width=300,2023,Corolla Cross,Toyota,2023 Toyota Corolla Cross LE,30352,https://www.beavertontoyota.com/new-Beaverton-2023-Toyota-Corolla+Cross-LE-7MUBAABG5PV067633
https://www.beavertontoyota.com,5TDKARAH0PS526294,https://www.beavertontoyota.com/assets/stock/colormatched_01/transparent/1280/cc_2023tos16_01_1280/cc_2023tos160031_01_1280_1j9.png?bg-color=FFFFFF&width=300,2023,Highlander Hybrid,Toyota,2023 Toyota Highlander Hybrid XLE,46666,https://www.beavertontoyota.com/new-Beaverton-2023-Toyota-Highlander+Hybrid-XLE-5TDKARAH0PS526294
https://www.beavertontoyota.com,5TDKARAH6PS526302,https://www.beavertontoyota.com/assets/stock/colormatched_01/transparent/1280/cc_2023tos16_01_1280/cc_2023tos160030_01_1280_218.png?bg-color=FFFFFF&width=300,2023,Highlander Hybrid,Toyota,2023 Toyota Highlander Hybrid XLE,46666,https://www.beavertontoyota.com/new-Beaverton-2023-Toyota-Highlander+Hybrid-XLE-5TDKARAH6PS526302
https://www.beavertontoyota.com,5TDEBRCH2PS590425,https://www.beavertontoyota.com/assets/stock/colormatched_01/transparent/1280/cc_2023tos16_01_1280/cc_2023tos160093_01_1280_8x8.png?bg-color=FFFFFF&width=300,2023,Highlander Hybrid,Toyota,2023 Toyota Highlander Hybrid Platinum with Accessories,58211,https://www.beavertontoyota.com/new-Beaverton-2023-Toyota-Highlander+Hybrid-Platinum+with+Accessories-5TDEBRCH2PS590425
https://www.beavertontoyota.com,5TDACAB56RS000279,https://www.beavertontoyota.com/assets/stock/colormatched_01/transparent/1280/cc_2024tos27_01_1280/cc_2024tos270012_01_1280_1j9.png?bg-color=FFFFFF&width=300,2024,Grand Highlander,Toyota,2024 Toyota Grand Highlander XLE with Accessories,52674,https://www.beavertontoyota.com/new-Beaverton-2024-Toyota-Grand+Highlander-XLE+with+Accessories-5TDACAB56RS000279
https://www.beavertontoyota.com,5TDBBRCH9PS130651,https://www.beavertontoyota.com/assets/stock/colormatched_01/transparent/1280/cc_2023tos16_01_1280/cc_2023tos160039_01_1280_1g3.png?bg-color=FFFFFF&width=300,2023,Highlander Hybrid,Toyota,2023 Toyota Highlander Hybrid LE,44507,https://www.beavertontoyota.com/new-Beaverton-2023-Toyota-Highlander+Hybrid-LE-5TDBBRCH9PS130651
https://www.beavertontoyota.com,5TDEBRCH3PS130075,https://www.beavertontoyota.com/assets/stock/colormatched_01/transparent/1280/cc_2023tos16_01_1280/cc_2023tos160087_01_1280_089.png?bg-color=FFFFFF&width=300,2023,Highlander Hybrid,Toyota,2023 Toyota Highlander Hybrid Platinum,55493,https://www.beavertontoyota.com/new-Beaverton-2023-Toyota-Highlander+Hybrid-Platinum-5TDEBRCH3PS130075
https://www.beavertontoyota.com,5TDAAAB53RS000861,https://www.beavertontoyota.com/assets/stock/colormatched_01/transparent/1280/cc_2024tos26_01_1280/cc_2024tos260005_01_1280_218.png?bg-color=FFFFFF&width=300,2024,Grand Highlander,Toyota,2024 Toyota Grand Highlander Limited,55420,https://www.beavertontoyota.com/new-Beaverton-2024-Toyota-Grand+Highlander-Limited-5TDAAAB53RS000861
https://www.beavertontoyota.com,5TDKARAH1PS526627,https://www.beavertontoyota.com/assets/stock/colormatched_01/transparent/1280/cc_2023tos16_01_1280/cc_2023tos160028_01_1280_089.png?bg-color=FFFFFF&width=300,2023,Highlander Hybrid,Toyota,2023 Toyota Highlander Hybrid XLE with Accessories,48386,https://www.beavertontoyota.com/new-Beaverton-2023-Toyota-Highlander+Hybrid-XLE+with+Accessories-5TDKARAH1PS526627
https://www.beavertontoyota.com,5TDAAAB50RS001899,https://www.beavertontoyota.com/assets/stock/colormatched_01/transparent/1280/cc_2024tos26_01_1280/cc_2024tos260004_01_1280_1l6.png?bg-color=FFFFFF&width=300,2024,Grand Highlander,Toyota,2024 Toyota Grand Highlander Platinum,55583,https://www.beavertontoyota.com/new-Beaverton-2024-Toyota-Grand+Highlander-Platinum-5TDAAAB50RS001899
https://www.beavertontoyota.com,5TDAAAB57RS002175,https://www.beavertontoyota.com/assets/stock/colormatched_01/transparent/1280/cc_2024tos26_01_1280/cc_2024tos260007_01_1280_8x8.png?bg-color=FFFFFF&width=300,2024,Grand Highlander,Toyota,2024 Toyota Grand Highlander XLE,47713,https://www.beavertontoyota.com/new-Beaverton-2024-Toyota-Grand+Highlander-XLE-5TDAAAB57RS002175
https://www.beavertontoyota.com,5TDAAAB58RS001987,https://www.beavertontoyota.com/assets/stock/colormatched_01/transparent/1280/cc_2024tos26_01_1280/cc_2024tos260004_01_1280_1l6.png?bg-color=FFFFFF&width=300,2024,Grand Highlander,Toyota,2024 Toyota Grand Highlander Limited,51153,https://www.beavertontoyota.com/new-Beaverton-2024-Toyota-Grand+Highlander-Limited-5TDAAAB58RS001987
https://www.beavertontoyota.com,5TDBBRCH3PS590758,https://www.beavertontoyota.com/assets/stock/colormatched_01/transparent/1280/cc_2023tos16_01_1280/cc_2023tos160041_01_1280_1j9.png?bg-color=FFFFFF&width=300,2023,Highlander Hybrid,Toyota,2023 Toyota Highlander Hybrid LE,44507,https://www.beavertontoyota.com/new-Beaverton-2023-Toyota-Highlander+Hybrid-LE-5TDBBRCH3PS590758
https://www.beavertontoyota.com,5TDKARAH6PS526736,https://www.beavertontoyota.com/assets/stock/colormatched_01/transparent/1280/cc_2023tos16_01_1280/cc_2023tos160030_01_1280_218.png?bg-color=FFFFFF&width=300,2023,Highlander Hybrid,Toyota,2023 Toyota Highlander Hybrid XLE,46666,https://www.beavertontoyota.com/new-Beaverton-2023-Toyota-Highlander+Hybrid-XLE-5TDKARAH6PS526736
https://www.beavertontoyota.com,5TDAAAB52RS002522,https://www.beavertontoyota.com/assets/stock/colormatched_01/transparent/1280/cc_2024tos26_01_1280/cc_2024tos260004_01_1280_1l6.png?bg-color=FFFFFF&width=300,2024,Grand Highlander,Toyota,2024 Toyota Grand Highlander XLE,47713,https://www.beavertontoyota.com/new-Beaverton-2024-Toyota-Grand+Highlander-XLE-5TDAAAB52RS002522
https://www.beavertontoyota.com,5TDAAAB52RS003279,https://www.beavertontoyota.com/assets/stock/colormatched_01/transparent/1280/cc_2024tos26_01_1280/cc_2024tos260001_01_1280_089.png?bg-color=FFFFFF&width=300,2024,Grand Highlander,Toyota,2024 Toyota Grand Highlander XLE,48616,https://www.beavertontoyota.com/new-Beaverton-2024-Toyota-Grand+Highlander-XLE-5TDAAAB52RS003279
https://www.beavertontoyota.com,5TDKBRCH3PS131195,https://www.beavertontoyota.com/assets/stock/colormatched_01/transparent/1280/cc_2023tos16_01_1280/cc_2023tos160030_01_1280_218.png?bg-color=FFFFFF&width=300,2023,Highlander Hybrid,Toyota,2023 Toyota Highlander Hybrid XLE,49001,https://www.beavertontoyota.com/new-Beaverton-2023-Toyota-Highlander+Hybrid-XLE-5TDKBRCH3PS131195
https://www.beavertontoyota.com,5TDKBRCHXPS591311,https://www.beavertontoyota.com/assets/stock/colormatched_01/transparent/1280/cc_2023tos16_01_1280/cc_2023tos160030_01_1280_218.png?bg-color=FFFFFF&width=300,2023,Highlander Hybrid,Toyota,2023 Toyota Highlander Hybrid XLE,49001,https://www.beavertontoyota.com/new-Beaverton-2023-Toyota-Highlander+Hybrid-XLE-5TDKBRCHXPS591311
https://www.beavertontoyota.com,JTEKU5JR7P6167241,https://www.beavertontoyota.com/inventoryphotos/8759/jteku5jr7p6167241/ip/1.jpg?bg-color=FFFFFF&width=300,2023,4Runner,Toyota,2023 Toyota 4Runner Limited with Accessories,49923,https://www.beavertontoyota.com/new-Beaverton-2023-Toyota-4Runner-Limited+with+Accessories-JTEKU5JR7P6167241
https://www.beavertontoyota.com,JTESU5JR7P6169605,https://www.beavertontoyota.com/assets/stock/colormatched_01/transparent/1280/cc_2023tos07_01_1280/cc_2023tos070038_01_1280_040.png?bg-color=FFFFFF&width=300,2023,4Runner,Toyota,2023 Toyota 4Runner TRD Sport,50498,https://www.beavertontoyota.com/new-Beaverton-2023-Toyota-4Runner-TRD+Sport-JTESU5JR7P6169605
https://www.beavertontoyota.com,JTEKU5JR6P6171863,https://www.beavertontoyota.com/inventoryphotos/8759/jteku5jr6p6171863/ip/1.jpg?bg-color=FFFFFF&width=300,2023,4Runner,Toyota,2023 Toyota 4Runner Limited,50432,https://www.beavertontoyota.com/new-Beaverton-2023-Toyota-4Runner-Limited-JTEKU5JR6P6171863
https://www.beavertontoyota.com,JTERU5JR0P6171663,https://www.beavertontoyota.com/inventoryphotos/8759/jteru5jr0p6171663/ip/1.jpg?bg-color=FFFFFF&width=300,2023,4Runner,Toyota,2023 Toyota 4Runner TRD Off-Road Premium,51763,https://www.beavertontoyota.com/new-Beaverton-2023-Toyota-4Runner-TRD+Off+Road+Premium-JTERU5JR0P6171663
https://www.beavertontoyota.com,JTERU5JR1P6168948,https://www.beavertontoyota.com/inventoryphotos/8759/jteru5jr1p6168948/ip/1.jpg?bg-color=FFFFFF&width=300,2023,4Runner,Toyota,2023 Toyota 4Runner TRD Off-Road Premium with Accessories,52490,https://www.beavertontoyota.com/new-Beaverton-2023-Toyota-4Runner-TRD+Off+Road+Premium+with+Accessories-JTERU5JR1P6168948
https://www.beavertontoyota.com,JTERU5JR2P6168117,https://www.beavertontoyota.com/assets/stock/colormatched_01/transparent/1280/cc_2023tos07_01_1280/cc_2023tos070029_01_1280_040.png?bg-color=FFFFFF&width=300,2023,4Runner,Toyota,2023 Toyota 4Runner TRD Off-Road Premium with Accessories,54068,https://www.beavertontoyota.com/new-Beaverton-2023-Toyota-4Runner-TRD+Off+Road+Premium+with+Accessories-JTERU5JR2P6168117
https://www.beavertontoyota.com,JTEKU5JR7P6169992,https://www.beavertontoyota.com/assets/stock/colormatched_01/transparent/1280/cc_2023tos07_01_1280/cc_2023tos070113_01_1280_070.png?bg-color=FFFFFF&width=300,2023,4Runner,Toyota,2023 Toyota 4Runner Limited,55599,https://www.beavertontoyota.com/new-Beaverton-2023-Toyota-4Runner-Limited-JTEKU5JR7P6169992
https://www.beavertontoyota.com,JTERU5JR2P6169137,https://www.beavertontoyota.com/assets/stock/colormatched_01/transparent/1280/cc_2023tos07_01_1280/cc_2023tos070052_01_1280_6x3.png?bg-color=FFFFFF&width=300,2023,4Runner,Toyota,2023 Toyota 4Runner TRD Off-Road Premium,53844,https://www.beavertontoyota.com/new-Beaverton-2023-Toyota-4Runner-TRD+Off+Road+Premium-JTERU5JR2P6169137
https://www.beavertontoyota.com,JTERU5JR8P6169367,https://www.beavertontoyota.com/assets/stock/colormatched_01/transparent/1280/cc_2023tos07_01_1280/cc_2023tos070031_01_1280_1g3.png?bg-color=FFFFFF&width=300,2023,4Runner,Toyota,2023 Toyota 4Runner TRD Off-Road Premium with Accessories,55095,https://www.beavertontoyota.com/new-Beaverton-2023-Toyota-4Runner-TRD+Off+Road+Premium+with+Accessories-JTERU5JR8P6169367
https://www.beavertontoyota.com,JTEKU5JR3P6171805,https://www.beavertontoyota.com/assets/stock/colormatched_01/transparent/1280/cc_2023tos07_01_1280/cc_2023tos070113_01_1280_070.png?bg-color=FFFFFF&width=300,2023,4Runner,Toyota,2023 Toyota 4Runner Limited with Accessories,54263,https://www.beavertontoyota.com/new-Beaverton-2023-Toyota-4Runner-Limited+with+Accessories-JTEKU5JR3P6171805
https://www.beavertontoyota.com,JTEKU5JR5P6171479,https://www.beavertontoyota.com/assets/stock/colormatched_01/transparent/1280/cc_2023tos07_01_1280/cc_2023tos070113_01_1280_070.png?bg-color=FFFFFF&width=300,2023,4Runner,Toyota,2023 Toyota 4Runner Limited with Accessories,55498,https://www.beavertontoyota.com/new-Beaverton-2023-Toyota-4Runner-Limited+with+Accessories-JTEKU5JR5P6171479
https://www.beavertontoyota.com,JTENU5JR6P6171911,https://www.beavertontoyota.com/assets/stock/colormatched_01/transparent/1280/cc_2023tos07_01_1280/cc_2023tos070095_01_1280_1g3.png?bg-color=FFFFFF&width=300,2023,4Runner,Toyota,2023 Toyota 4Runner SR5 Premium with Accessories,54751,https://www.beavertontoyota.com/new-Beaverton-2023-Toyota-4Runner-SR5+Premium+with+Accessories-JTENU5JR6P6171911
https://www.beavertontoyota.com,JTERU5JR1P6173521,https://www.beavertontoyota.com/assets/stock/colormatched_01/transparent/1280/cc_2023tos07_01_1280/cc_2023tos070029_01_1280_040.png?bg-color=FFFFFF&width=300,2023,4Runner,Toyota,2023 Toyota 4Runner TRD Off-Road Premium with Accessories,58482,https://www.beavertontoyota.com/new-Beaverton-2023-Toyota-4Runner-TRD+Off+Road+Premium+with+Accessories-JTERU5JR1P6173521
https://www.beavertontoyota.com,JTERU5JR9P6169586,https://www.beavertontoyota.com/assets/stock/colormatched_01/transparent/1280/cc_2023tos07_01_1280/cc_2023tos070029_01_1280_040.png?bg-color=FFFFFF&width=300,2023,4Runner,Toyota,2023 Toyota 4Runner TRD Off-Road Premium,47795,https://www.beavertontoyota.com/new-Beaverton-2023-Toyota-4Runner-TRD+Off+Road+Premium-JTERU5JR9P6169586
https://www.beavertontoyota.com,JTEKU5JR5P6174866,https://www.beavertontoyota.com/assets/stock/colormatched_01/transparent/1280/cc_2023tos07_01_1280/cc_2023tos070114_01_1280_1f7.png?bg-color=FFFFFF&width=300,2023,4Runner,Toyota,2023 Toyota 4Runner Limited,53304,https://www.beavertontoyota.com/new-Beaverton-2023-Toyota-4Runner-Limited-JTEKU5JR5P6174866
https://www.beavertontoyota.com,JTENU5JRXP6175055,https://www.beavertontoyota.com/assets/stock/colormatched_01/transparent/1280/cc_2023tos07_01_1280/cc_2023tos070095_01_1280_1g3.png?bg-color=FFFFFF&width=300,2023,4Runner,Toyota,2023 Toyota 4Runner SR5 Premium,48083,https://www.beavertontoyota.com/new-Beaverton-2023-Toyota-4Runner-SR5+Premium-JTENU5JRXP6175055
https://www.beavertontoyota.com,JTERU5JR8P6175086,https://www.beavertontoyota.com/assets/stock/colormatched_01/transparent/1280/cc_2023tos07_01_1280/cc_2023tos070031_01_1280_1g3.png?bg-color=FFFFFF&width=300,2023,4Runner,Toyota,2023 Toyota 4Runner TRD Off-Road Premium,51283,https://www.beavertontoyota.com/new-Beaverton-2023-Toyota-4Runner-TRD+Off+Road+Premium-JTERU5JR8P6175086
https://www.beavertontoyota.com,JTELU5JR0P6168039,https://www.beavertontoyota.com/assets/stock/colormatched_01/transparent/1280/cc_2023tos07_01_1280/cc_2023tos070065_01_1280_040.png?bg-color=FFFFFF&width=300,2023,4Runner,Toyota,2023 Toyota 4Runner TRD Pro,57193,https://www.beavertontoyota.com/new-Beaverton-2023-Toyota-4Runner-TRD+Pro-JTELU5JR0P6168039
https://www.beavertontoyota.com,4T1F11BKXPU106109,https://www.beavertontoyota.com/assets/stock/colormatched_01/transparent/1280/cc_2023toc02_01_1280/cc_2023toc020094_01_1280_1j9.png?bg-color=FFFFFF&width=300,2023,Camry,Toyota,2023 Toyota Camry XLE,33536,https://www.beavertontoyota.com/new-Beaverton-2023-Toyota-Camry-XLE-4T1F11BKXPU106109
https://www.beavertontoyota.com,4T1G11AK2PU824985,https://www.beavertontoyota.com/assets/stock/colormatched_01/transparent/1280/cc_2023toc02_01_1280/cc_2023toc020024_01_1280_040.png?bg-color=FFFFFF&width=300,2023,Camry,Toyota,2023 Toyota Camry SE,26842,https://www.beavertontoyota.com/new-Beaverton-2023-Toyota-Camry-SE-4T1G11AK2PU824985
https://www.beavertontoyota.com,4T1G11AK3PU178209,https://www.beavertontoyota.com/assets/stock/colormatched_01/transparent/1280/cc_2023toc02_01_1280/cc_2023toc020025_01_1280_1h1.png?bg-color=FFFFFF&width=300,2023,Camry,Toyota,2023 Toyota Camry SE,27822,https://www.beavertontoyota.com/new-Beaverton-2023-Toyota-Camry-SE-4T1G11AK3PU178209
https://www.beavertontoyota.com,4T1G11BK8PU106503,https://www.beavertontoyota.com/assets/stock/colormatched_01/transparent/1280/cc_2023toc02_01_1280/cc_2023toc020026_01_1280_1j9.png?bg-color=FFFFFF&width=300,2023,Camry,Toyota,2023 Toyota Camry SE,27251,https://www.beavertontoyota.com/new-Beaverton-2023-Toyota-Camry-SE-4T1G11BK8PU106503
https://www.beavertontoyota.com,4T1G11BK8PU105657,https://www.beavertontoyota.com/assets/stock/colormatched_01/transparent/1280/cc_2023toc02_01_1280/cc_2023toc020026_01_1280_1j9.png?bg-color=FFFFFF&width=300,2023,Camry,Toyota,2023 Toyota Camry SE,30478,https://www.beavertontoyota.com/new-Beaverton-2023-Toyota-Camry-SE-4T1G11BK8PU105657
https://www.beavertontoyota.com,4T1S31AK8PU617702,https://www.beavertontoyota.com/assets/stock/colormatched_01/transparent/1280/cc_2023toc20_01_1280/cc_2023toc200086_01_1280_040.png?bg-color=FFFFFF&width=300,2023,Camry Hybrid,Toyota,2023 Toyota Camry Hybrid SE with Accessories,35818,https://www.beavertontoyota.com/new-Beaverton-2023-Toyota-Camry+Hybrid-SE+with+Accessories-4T1S31AK8PU617702
https://www.beavertontoyota.com,4T1G31AK7PU614862,https://www.beavertontoyota.com/assets/stock/colormatched_01/transparent/1280/cc_2023toc20_01_1280/cc_2023toc200086_01_1280_040.png?bg-color=FFFFFF&width=300,2023,Camry Hybrid,Toyota,2023 Toyota Camry Hybrid SE,31713,https://www.beavertontoyota.com/new-Beaverton-2023-Toyota-Camry+Hybrid-SE-4T1G31AK7PU614862
https://www.beavertontoyota.com,4T1C11BKXPU106856,https://www.beavertontoyota.com/assets/stock/colormatched_01/transparent/1280/cc_2023toc02_01_1280/cc_2023toc020012_01_1280_1h1.png?bg-color=FFFFFF&width=300,2023,Camry,Toyota,2023 Toyota Camry LE,27214,https://www.beavertontoyota.com/new-Beaverton-2023-Toyota-Camry-LE-4T1C11BKXPU106856
https://www.beavertontoyota.com,4T1G11BK7PU106976,https://www.beavertontoyota.com/assets/stock/colormatched_01/transparent/1280/cc_2023toc02_01_1280/cc_2023toc020026_01_1280_1j9.png?bg-color=FFFFFF&width=300,2023,Camry,Toyota,2023 Toyota Camry SE with Acceessories,29391,https://www.beavertontoyota.com/new-Beaverton-2023-Toyota-Camry-SE+with+Acceessories-4T1G11BK7PU106976
https://www.beavertontoyota.com,4T1F11BK0PU107320,https://www.beavertontoyota.com/assets/stock/colormatched_01/transparent/1280/cc_2023toc02_01_1280/cc_2023toc020095_01_1280_218.png?bg-color=FFFFFF&width=300,2023,Camry,Toyota,2023 Toyota Camry XLE,34855,https://www.beavertontoyota.com/new-Beaverton-2023-Toyota-Camry-XLE-4T1F11BK0PU107320
https://www.beavertontoyota.com,4T1F11BK5PU107295,https://www.beavertontoyota.com/assets/stock/colormatched_01/transparent/1280/cc_2023toc02_01_1280/cc_2023toc020094_01_1280_1j9.png?bg-color=FFFFFF&width=300,2023,Camry,Toyota,2023 Toyota Camry XLE,34855,https://www.beavertontoyota.com/new-Beaverton-2023-Toyota-Camry-XLE-4T1F11BK5PU107295
https://www.beavertontoyota.com,4T1F11BK7PU107153,https://www.beavertontoyota.com/assets/stock/colormatched_01/transparent/1280/cc_2023toc02_01_1280/cc_2023toc020093_01_1280_1h1.png?bg-color=FFFFFF&width=300,2023,Camry,Toyota,2023 Toyota Camry XLE,34855,https://www.beavertontoyota.com/new-Beaverton-2023-Toyota-Camry-XLE-4T1F11BK7PU107153
https://www.beavertontoyota.com,4T1K61AK9PU183281,https://www.beavertontoyota.com/assets/stock/colormatched_01/transparent/1280/cc_2023toc02_01_1280/cc_2023toc020080_01_1280_2pt.png?bg-color=FFFFFF&width=300,2023,Camry,Toyota,2023 Toyota Camry XSE,32788,https://www.beavertontoyota.com/new-Beaverton-2023-Toyota-Camry-XSE-4T1K61AK9PU183281
https://www.beavertontoyota.com,4T1KZ1AK6PU086644,https://www.beavertontoyota.com/assets/stock/colormatched_01/transparent/1280/cc_2023toc02_01_1280/cc_2023toc020079_01_1280_2ps.png?bg-color=FFFFFF&width=300,2023,Camry,Toyota,2023 Toyota Camry XSE V6,38375,https://www.beavertontoyota.com/new-Beaverton-2023-Toyota-Camry-XSE+V6-4T1KZ1AK6PU086644
https://www.beavertontoyota.com,4T1K61BK1PU107570,https://www.beavertontoyota.com/assets/stock/colormatched_01/transparent/1280/cc_2023toc02_01_1280/cc_2023toc020076_01_1280_1k6.png?bg-color=FFFFFF&width=300,2023,Camry,Toyota,2023 Toyota Camry XSE,36479,https://www.beavertontoyota.com/new-Beaverton-2023-Toyota-Camry-XSE-4T1K61BK1PU107570
https://www.beavertontoyota.com,4T1KZ1AK7PU086846,https://www.beavertontoyota.com/assets/stock/colormatched_01/transparent/1280/cc_2023toc02_01_1280/cc_2023toc020073_01_1280_3u5.png?bg-color=FFFFFF&width=300,2023,Camry,Toyota,2023 Toyota Camry XSE V6,37929,https://www.beavertontoyota.com/new-Beaverton-2023-Toyota-Camry-XSE+V6-4T1KZ1AK7PU086846
https://www.beavertontoyota.com,4T1KZ1AKXPU087148,https://www.beavertontoyota.com/assets/stock/colormatched_01/transparent/1280/cc_2023toc02_01_1280/cc_2023toc020076_01_1280_1k6.png?bg-color=FFFFFF&width=300,2023,Camry,Toyota,2023 Toyota Camry XSE V6,37748,https://www.beavertontoyota.com/new-Beaverton-2023-Toyota-Camry-XSE+V6-4T1KZ1AKXPU087148
https://www.beavertontoyota.com,4T1C11AK4PU185670,https://www.beavertontoyota.com/assets/stock/colormatched_01/transparent/1280/cc_2023toc02_01_1280/cc_2023toc020012_01_1280_1h1.png?bg-color=FFFFFF&width=300,2023,Camry,Toyota,2023 Toyota Camry LE,27364,https://www.beavertontoyota.com/new-Beaverton-2023-Toyota-Camry-LE-4T1C11AK4PU185670
https://www.beavertontoyota.com,JTMB6RFV7PJ029630,https://www.beavertontoyota.com/assets/stock/colormatched_01/transparent/1280/cc_2023tos20_01_1280/cc_2023tos200027_01_1280_1g3.png?bg-color=FFFFFF&width=300,2023,RAV4 Hybrid,Toyota,2023 Toyota RAV4 Hybrid XLE Premium with Accessories,43322,https://www.beavertontoyota.com/new-Beaverton-2023-Toyota-RAV4+Hybrid-XLE+Premium+with+Accessories-JTMB6RFV7PJ029630
https://www.beavertontoyota.com,4T3T6RFV5PU126721,https://www.beavertontoyota.com/assets/stock/colormatched_01/transparent/1280/cc_2023tos20_01_1280/cc_2023tos200067_01_1280_1g3.png?bg-color=FFFFFF&width=300,2023,RAV4 Hybrid,Toyota,2023 Toyota RAV4 Hybrid SE with Accessories,37948,https://www.beavertontoyota.com/new-Beaverton-2023-Toyota-RAV4+Hybrid-SE+with+Accessories-4T3T6RFV5PU126721
https://www.beavertontoyota.com,2T3UWRFV2PW170647,https://www.beavertontoyota.com/assets/stock/colormatched_01/transparent/1280/cc_2023tos20_01_1280/cc_2023tos200002_01_1280_8w2.png?bg-color=FFFFFF&width=300,2023,RAV4 Hybrid,Toyota,2023 Toyota RAV4 Hybrid Woodland Edition,35360,https://www.beavertontoyota.com/new-Beaverton-2023-Toyota-RAV4+Hybrid-Woodland+Edition-2T3UWRFV2PW170647
https://www.beavertontoyota.com,2T3UWRFV7PW171034,https://www.beavertontoyota.com/assets/stock/colormatched_01/transparent/1280/cc_2023tos20_01_1280/cc_2023tos200002_01_1280_8w2.png?bg-color=FFFFFF&width=300,2023,RAV4 Hybrid,Toyota,2023 Toyota RAV4 Hybrid Woodland Edition,35360,https://www.beavertontoyota.com/new-Beaverton-2023-Toyota-RAV4+Hybrid-Woodland+Edition-2T3UWRFV7PW171034
https://www.beavertontoyota.com,JTMB6RFV3PD100398,https://www.beavertontoyota.com/assets/stock/colormatched_01/transparent/1280/cc_2023tos20_01_1280/cc_2023tos200027_01_1280_1g3.png?bg-color=FFFFFF&width=300,2023,RAV4 Hybrid,Toyota,2023 Toyota RAV4 Hybrid XLE Premium with Accessories,42953,https://www.beavertontoyota.com/new-Beaverton-2023-Toyota-RAV4+Hybrid-XLE+Premium+with+Accessories-JTMB6RFV3PD100398
https://www.beavertontoyota.com,JTMB6RFV1PD101307,https://www.beavertontoyota.com/assets/stock/colormatched_01/transparent/1280/cc_2023tos20_01_1280/cc_2023tos200028_01_1280_218.png?bg-color=FFFFFF&width=300,2023,RAV4 Hybrid,Toyota,2023 Toyota RAV4 Hybrid XLE Premium,38519,https://www.beavertontoyota.com/new-Beaverton-2023-Toyota-RAV4+Hybrid-XLE+Premium-JTMB6RFV1PD101307
https://www.beavertontoyota.com,JTMB6RFV5PD542812,https://www.beavertontoyota.com/assets/stock/colormatched_01/transparent/1280/cc_2023tos20_01_1280/cc_2023tos200030_01_1280_8x8.png?bg-color=FFFFFF&width=300,2023,RAV4 Hybrid,Toyota,2023 Toyota RAV4 Hybrid XLE Premium,38344,https://www.beavertontoyota.com/new-Beaverton-2023-Toyota-RAV4+Hybrid-XLE+Premium-JTMB6RFV5PD542812
https://www.beavertontoyota.com,JTMB6RFV7PD543153,https://www.beavertontoyota.com/assets/stock/colormatched_01/transparent/1280/cc_2023tos20_01_1280/cc_2023tos200028_01_1280_218.png?bg-color=FFFFFF&width=300,2023,RAV4 Hybrid,Toyota,2023 Toyota RAV4 Hybrid XLE Premium,38519,https://www.beavertontoyota.com/new-Beaverton-2023-Toyota-RAV4+Hybrid-XLE+Premium-JTMB6RFV7PD543153
https://www.beavertontoyota.com,2T3E6RFV6PW041234,https://www.beavertontoyota.com/assets/stock/colormatched_01/transparent/1280/cc_2023tos20_01_1280/cc_2023tos200048_01_1280_2ps.png?bg-color=FFFFFF&width=300,2023,RAV4 Hybrid,Toyota,2023 Toyota RAV4 Hybrid XSE,42538,https://www.beavertontoyota.com/new-Beaverton-2023-Toyota-RAV4+Hybrid-XSE-2T3E6RFV6PW041234
https://www.beavertontoyota.com,4T3T6RFV9PU127452,https://www.beavertontoyota.com/assets/stock/colormatched_01/transparent/1280/cc_2023tos20_01_1280/cc_2023tos200065_01_1280_1d6.png?bg-color=FFFFFF&width=300,2023,RAV4 Hybrid,Toyota,2023 Toyota RAV4 Hybrid SE,37959,https://www.beavertontoyota.com/new-Beaverton-2023-Toyota-RAV4+Hybrid-SE-4T3T6RFV9PU127452
https://www.beavertontoyota.com,4T3E6RFV8PU127404,https://www.beavertontoyota.com/assets/stock/colormatched_01/transparent/1280/cc_2023tos20_01_1280/cc_2023tos200050_01_1280_2qz.png?bg-color=FFFFFF&width=300,2023,RAV4 Hybrid,Toyota,2023 Toyota RAV4 Hybrid XSE,42684,https://www.beavertontoyota.com/new-Beaverton-2023-Toyota-RAV4+Hybrid-XSE-4T3E6RFV8PU127404
https://www.beavertontoyota.com,JTM16RFV0PD101570,https://www.beavertontoyota.com/assets/stock/colormatched_01/transparent/1280/cc_2023tos20_01_1280/cc_2023tos200065_01_1280_1d6.png?bg-color=FFFFFF&width=300,2023,RAV4 Hybrid,Toyota,2023 Toyota RAV4 Hybrid SE,36379,https://www.beavertontoyota.com/new-Beaverton-2023-Toyota-RAV4+Hybrid-SE-JTM16RFV0PD101570
https://www.beavertontoyota.com,JTME6RFV0PD543539,https://www.beavertontoyota.com/assets/stock/colormatched_01/transparent/1280/cc_2023tos20_01_1280/cc_2023tos200049_01_1280_2qy.png?bg-color=FFFFFF&width=300,2023,RAV4 Hybrid,Toyota,2023 Toyota RAV4 Hybrid XSE,42333,https://www.beavertontoyota.com/new-Beaverton-2023-Toyota-RAV4+Hybrid-XSE-JTME6RFV0PD543539
https://www.beavertontoyota.com,2T3E6RFV0PW041780,https://www.beavertontoyota.com/assets/stock/colormatched_01/transparent/1280/cc_2023tos20_01_1280/cc_2023tos200049_01_1280_2qy.png?bg-color=FFFFFF&width=300,2023,RAV4 Hybrid,Toyota,2023 Toyota RAV4 Hybrid XSE,41984,https://www.beavertontoyota.com/new-Beaverton-2023-Toyota-RAV4+Hybrid-XSE-2T3E6RFV0PW041780
https://www.beavertontoyota.com,2T3UWRFV4PW173503,https://www.beavertontoyota.com/assets/stock/colormatched_01/transparent/1280/cc_2023tos20_01_1280/cc_2023tos200001_01_1280_218.png?bg-color=FFFFFF&width=300,2023,RAV4 Hybrid,Toyota,2023 Toyota RAV4 Hybrid Woodland Edition,35535,https://www.beavertontoyota.com/new-Beaverton-2023-Toyota-RAV4+Hybrid-Woodland+Edition-2T3UWRFV4PW173503
https://www.beavertontoyota.com,4T3T6RFV3PU128063,https://www.beavertontoyota.com/assets/stock/colormatched_01/transparent/1280/cc_2023tos20_01_1280/cc_2023tos200068_01_1280_218.png?bg-color=FFFFFF&width=300,2023,RAV4 Hybrid,Toyota,2023 Toyota RAV4 Hybrid SE,37644,https://www.beavertontoyota.com/new-Beaverton-2023-Toyota-RAV4+Hybrid-SE-4T3T6RFV3PU128063
https://www.beavertontoyota.com,4T3T6RFV5PU128419,https://www.beavertontoyota.com/assets/stock/colormatched_01/transparent/1280/cc_2023tos20_01_1280/cc_2023tos200066_01_1280_089.png?bg-color=FFFFFF&width=300,2023,RAV4 Hybrid,Toyota,2023 Toyota RAV4 Hybrid SE,37248,https://www.beavertontoyota.com/new-Beaverton-2023-Toyota-RAV4+Hybrid-SE-4T3T6RFV5PU128419
https://www.beavertontoyota.com,JTMRWRFV3PD189226,https://www.beavertontoyota.com/assets/stock/colormatched_01/transparent/1280/cc_2023tos20_01_1280/cc_2023tos200027_01_1280_1g3.png?bg-color=FFFFFF&width=300,2023,RAV4 Hybrid,Toyota,2023 Toyota RAV4 Hybrid XLE,36814,https://www.beavertontoyota.com/new-Beaverton-2023-Toyota-RAV4+Hybrid-XLE-JTMRWRFV3PD189226
https://www.beavertontoyota.com,JTMB6RFV4PD101303,https://www.beavertontoyota.com/assets/stock/colormatched_01/transparent/1280/cc_2023tos20_01_1280/cc_2023tos200031_01_1280_6x3.png?bg-color=FFFFFF&width=300,2023,RAV4 Hybrid,Toyota,2023 Toyota RAV4 Hybrid XLE Premium,40569,https://www.beavertontoyota.com/new-Beaverton-2023-Toyota-RAV4+Hybrid-XLE+Premium-JTMB6RFV4PD101303
https://www.beavertontoyota.com,JTMB6RFV6PD101447,https://www.beavertontoyota.com/assets/stock/colormatched_01/transparent/1280/cc_2023tos20_01_1280/cc_2023tos200029_01_1280_3t3.png?bg-color=FFFFFF&width=300,2023,RAV4 Hybrid,Toyota,2023 Toyota RAV4 Hybrid XLE Premium,38944,https://www.beavertontoyota.com/new-Beaverton-2023-Toyota-RAV4+Hybrid-XLE+Premium-JTMB6RFV6PD101447
https://www.beavertontoyota.com,JTMD6RFV3PD102368,https://www.beavertontoyota.com/assets/stock/colormatched_01/transparent/1280/cc_2023tos20_01_1280/cc_2023tos200009_01_1280_1g3.png?bg-color=FFFFFF&width=300,2023,RAV4 Hybrid,Toyota,2023 Toyota RAV4 Hybrid Limited,42059,https://www.beavertontoyota.com/new-Beaverton-2023-Toyota-RAV4+Hybrid-Limited-JTMD6RFV3PD102368
https://www.beavertontoyota.com,JTMD6RFV7PD102423,https://www.beavertontoyota.com/assets/stock/colormatched_01/transparent/1280/cc_2023tos20_01_1280/cc_2023tos200009_01_1280_1g3.png?bg-color=FFFFFF&width=300,2023,RAV4 Hybrid,Toyota,2023 Toyota RAV4 Hybrid Limited,42059,https://www.beavertontoyota.com/new-Beaverton-2023-Toyota-RAV4+Hybrid-Limited-JTMD6RFV7PD102423
https://www.beavertontoyota.com,4T3LWRFV1PU100214,https://www.beavertontoyota.com/assets/stock/colormatched_01/transparent/1280/cc_2023tos20_01_1280/cc_2023tos200006_01_1280_1d6.png?bg-color=FFFFFF&width=300,2023,RAV4 Hybrid,Toyota,2023 Toyota RAV4 Hybrid LE,33173,https://www.beavertontoyota.com/new-Beaverton-2023-Toyota-RAV4+Hybrid-LE-4T3LWRFV1PU100214
https://www.beavertontoyota.com,JTME6RFV2PD543588,https://www.beavertontoyota.com/assets/stock/colormatched_01/transparent/1280/cc_2023tos20_01_1280/cc_2023tos200050_01_1280_2qz.png?bg-color=FFFFFF&width=300,2023,RAV4 Hybrid,Toyota,2023 Toyota RAV4 Hybrid XSE,42583,https://www.beavertontoyota.com/new-Beaverton-2023-Toyota-RAV4+Hybrid-XSE-JTME6RFV2PD543588
https://www.beavertontoyota.com,3TMDZ5BNXPM152579,https://www.beavertontoyota.com/assets/stock/colormatched_01/transparent/1280/cc_2023tot09_01_1280/cc_2023tot090075_01_1280_040.png?bg-color=FFFFFF&width=300,2023,Tacoma,Toyota,2023 Toyota Tacoma TRD Off-Road V6,41082,https://www.beavertontoyota.com/new-Beaverton-2023-Toyota-Tacoma-TRD+Off+Road+V6-3TMDZ5BNXPM152579
https://www.beavertontoyota.com,JTMABACA1PA022876,https://www.beavertontoyota.com/inventoryphotos/8759/jtmabaca1pa022876/ip/1.jpg?bg-color=FFFFFF&width=300,2023,bZ4X,Toyota,2023 Toyota bZ4X XLE,43052,https://www.beavertontoyota.com/new-Beaverton-2023-Toyota-bZ4X-XLE-JTMABACA1PA022876
https://www.beavertontoyota.com,JTMABACA7PA022719,https://www.beavertontoyota.com/inventoryphotos/8759/jtmabaca7pa022719/ip/1.jpg?bg-color=FFFFFF&width=300,2023,bZ4X,Toyota,2023 Toyota bZ4X XLE,46609,https://www.beavertontoyota.com/new-Beaverton-2023-Toyota-bZ4X-XLE-JTMABACA7PA022719
https://www.beavertontoyota.com,7MUAAABG1PV063963,https://www.beavertontoyota.com/assets/stock/colormatched_01/transparent/1280/cc_2023tos23_01_1280/cc_2023tos230007_01_1280_d11.png?bg-color=FFFFFF&width=300,2023,Corolla Cross,Toyota,2023 Toyota Corolla Cross L,27929,https://www.beavertontoyota.com/new-Beaverton-2023-Toyota-Corolla+Cross-L-7MUAAABG1PV063963
https://www.beavertontoyota.com,3TMDZ5BN8PM156193,https://www.beavertontoyota.com/assets/stock/colormatched_01/transparent/1280/cc_2023tot09_01_1280/cc_2023tot090077_01_1280_1g3.png?bg-color=FFFFFF&width=300,2023,Tacoma,Toyota,2023 Toyota Tacoma TRD Off-Road V6,43274,https://www.beavertontoyota.com/new-Beaverton-2023-Toyota-Tacoma-TRD+Off+Road+V6-3TMDZ5BN8PM156193
https://www.beavertontoyota.com,3TMDZ5BN9PM157210,https://www.beavertontoyota.com/assets/stock/colormatched_01/transparent/1280/cc_2023tot09_01_1280/cc_2023tot090077_01_1280_1g3.png?bg-color=FFFFFF&width=300,2023,Tacoma,Toyota,2023 Toyota Tacoma TRD Off-Road V6,41716,https://www.beavertontoyota.com/new-Beaverton-2023-Toyota-Tacoma-TRD+Off+Road+V6-3TMDZ5BN9PM157210
https://www.beavertontoyota.com,4T1F11BKXPU106109,https://www.beavertontoyota.com/assets/stock/colormatched_01/transparent/1280/cc_2023toc02_01_1280/cc_2023toc020094_01_1280_1j9.png?bg-color=FFFFFF&width=300,2023,Camry,Toyota,2023 Toyota Camry XLE,33536,https://www.beavertontoyota.com/new-Beaverton-2023-Toyota-Camry-XLE-4T1F11BKXPU106109
https://www.beavertontoyota.com,4T1G11AK2PU824985,https://www.beavertontoyota.com/assets/stock/colormatched_01/transparent/1280/cc_2023toc02_01_1280/cc_2023toc020024_01_1280_040.png?bg-color=FFFFFF&width=300,2023,Camry,Toyota,2023 Toyota Camry SE,26842,https://www.beavertontoyota.com/new-Beaverton-2023-Toyota-Camry-SE-4T1G11AK2PU824985
https://www.beavertontoyota.com,4T1G11AK3PU178209,https://www.beavertontoyota.com/assets/stock/colormatched_01/transparent/1280/cc_2023toc02_01_1280/cc_2023toc020025_01_1280_1h1.png?bg-color=FFFFFF&width=300,2023,Camry,Toyota,2023 Toyota Camry SE,27822,https://www.beavertontoyota.com/new-Beaverton-2023-Toyota-Camry-SE-4T1G11AK3PU178209
https://www.beavertontoyota.com,3TMCZ5AN6PM607862,https://www.beavertontoyota.com/static/dealer-19320/Coming_Soon.__1_.png,2023,Tacoma,Toyota,2023 Toyota Tacoma Trail Edition V6,42700,https://www.beavertontoyota.com/new-Beaverton-2023-Toyota-Tacoma-Trail+Edition+V6-3TMCZ5AN6PM607862
https://www.beavertontoyota.com,3TMCZ5AN2PM608247,https://www.beavertontoyota.com/assets/stock/colormatched_01/transparent/1280/cc_2023tot09_01_1280/cc_2023tot090075_01_1280_040.png?bg-color=FFFFFF&width=300,2023,Tacoma,Toyota,2023 Toyota Tacoma TRD Off-Road V6,40431,https://www.beavertontoyota.com/new-Beaverton-2023-Toyota-Tacoma-TRD+Off+Road+V6-3TMCZ5AN2PM608247
https://www.beavertontoyota.com,3TMCZ5AN3PM608225,https://www.beavertontoyota.com/assets/stock/colormatched_01/transparent/1280/cc_2023tot09_01_1280/cc_2023tot090079_01_1280_1j9.png?bg-color=FFFFFF&width=300,2023,Tacoma,Toyota,2023 Toyota Tacoma TRD Off-Road V6,38900,https://www.beavertontoyota.com/new-Beaverton-2023-Toyota-Tacoma-TRD+Off+Road+V6-3TMCZ5AN3PM608225
https://www.beavertontoyota.com,3TMDZ5BN7PM157495,https://www.beavertontoyota.com/assets/stock/colormatched_01/transparent/1280/cc_2023tot09_01_1280/cc_2023tot090080_01_1280_202.png?bg-color=FFFFFF&width=300,2023,Tacoma,Toyota,2023 Toyota Tacoma TRD Off-Road V6,41935,https://www.beavertontoyota.com/new-Beaverton-2023-Toyota-Tacoma-TRD+Off+Road+V6-3TMDZ5BN7PM157495
https://www.beavertontoyota.com,4T1G11BK8PU106503,https://www.beavertontoyota.com/assets/stock/colormatched_01/transparent/1280/cc_2023toc02_01_1280/cc_2023toc020026_01_1280_1j9.png?bg-color=FFFFFF&width=300,2023,Camry,Toyota,2023 Toyota Camry SE,27251,https://www.beavertontoyota.com/new-Beaverton-2023-Toyota-Camry-SE-4T1G11BK8PU106503
https://www.beavertontoyota.com,5TDKARAH0PS526294,https://www.beavertontoyota.com/assets/stock/colormatched_01/transparent/1280/cc_2023tos16_01_1280/cc_2023tos160031_01_1280_1j9.png?bg-color=FFFFFF&width=300,2023,Highlander Hybrid,Toyota,2023 Toyota Highlander Hybrid XLE,46666,https://www.beavertontoyota.com/new-Beaverton-2023-Toyota-Highlander+Hybrid-XLE-5TDKARAH0PS526294
https://www.beavertontoyota.com,5TDKARAH6PS526302,https://www.beavertontoyota.com/assets/stock/colormatched_01/transparent/1280/cc_2023tos16_01_1280/cc_2023tos160030_01_1280_218.png?bg-color=FFFFFF&width=300,2023,Highlander Hybrid,Toyota,2023 Toyota Highlander Hybrid XLE,46666,https://www.beavertontoyota.com/new-Beaverton-2023-Toyota-Highlander+Hybrid-XLE-5TDKARAH6PS526302
https://www.beavertontoyota.com,5TDEBRCH2PS590425,https://www.beavertontoyota.com/assets/stock/colormatched_01/transparent/1280/cc_2023tos16_01_1280/cc_2023tos160093_01_1280_8x8.png?bg-color=FFFFFF&width=300,2023,Highlander Hybrid,Toyota,2023 Toyota Highlander Hybrid Platinum with Accessories,58211,https://www.beavertontoyota.com/new-Beaverton-2023-Toyota-Highlander+Hybrid-Platinum+with+Accessories-5TDEBRCH2PS590425
https://www.beavertontoyota.com,5TFNA5EC8PX018718,https://www.beavertontoyota.com/assets/stock/colormatched_01/transparent/1280/cc_2023tot10_01_1280/cc_2023tot100152_01_1280_1g3.png?bg-color=FFFFFF&width=300,2023,Tundra,Toyota,2023 Toyota Tundra Platinum with Accessories,62815,https://www.beavertontoyota.com/new-Beaverton-2023-Toyota-Tundra-Platinum+with+Accessories-5TFNA5EC8PX018718
https://www.beavertontoyota.com,JTEKU5JR7P6167241,https://www.beavertontoyota.com/inventoryphotos/8759/jteku5jr7p6167241/ip/1.jpg?bg-color=FFFFFF&width=300,2023,4Runner,Toyota,2023 Toyota 4Runner Limited with Accessories,49923,https://www.beavertontoyota.com/new-Beaverton-2023-Toyota-4Runner-Limited+with+Accessories-JTEKU5JR7P6167241
https://www.beavertontoyota.com,2T3N1RFV3PW378927,https://www.beavertontoyota.com/assets/stock/colormatched_01/transparent/1280/cc_2023tos11_01_1280/cc_2023tos110045_01_1280_089.png?bg-color=FFFFFF&width=300,2023,RAV4,Toyota,2023 Toyota RAV4 Limited,42404,https://www.beavertontoyota.com/new-Beaverton-2023-Toyota-RAV4-Limited-2T3N1RFV3PW378927
https://www.beavertontoyota.com,5TDACAB56RS000279,https://www.beavertontoyota.com/assets/stock/colormatched_01/transparent/1280/cc_2024tos27_01_1280/cc_2024tos270012_01_1280_1j9.png?bg-color=FFFFFF&width=300,2024,Grand Highlander,Toyota,2024 Toyota Grand Highlander XLE with Accessories,52674,https://www.beavertontoyota.com/new-Beaverton-2024-Toyota-Grand+Highlander-XLE+with+Accessories-5TDACAB56RS000279
https://www.beavertontoyota.com,5TDBBRCH9PS130651,https://www.beavertontoyota.com/assets/stock/colormatched_01/transparent/1280/cc_2023tos16_01_1280/cc_2023tos160039_01_1280_1g3.png?bg-color=FFFFFF&width=300,2023,Highlander Hybrid,Toyota,2023 Toyota Highlander Hybrid LE,44507,https://www.beavertontoyota.com/new-Beaverton-2023-Toyota-Highlander+Hybrid-LE-5TDBBRCH9PS130651
https://www.beavertontoyota.com,JTDADABU3P3003966,https://www.beavertontoyota.com/assets/stock/colormatched_01/transparent/1280/cc_2023toc16_01_1280/cc_2023toc160010_01_1280_218.png?bg-color=FFFFFF&width=300,2023,Prius,Toyota,2023 Toyota Prius LE AWD-e,32087,https://www.beavertontoyota.com/new-Beaverton-2023-Toyota-Prius-LE+AWD+e-JTDADABU3P3003966
https://www.beavertontoyota.com,JTESU5JR7P6169605,https://www.beavertontoyota.com/assets/stock/colormatched_01/transparent/1280/cc_2023tos07_01_1280/cc_2023tos070038_01_1280_040.png?bg-color=FFFFFF&width=300,2023,4Runner,Toyota,2023 Toyota 4Runner TRD Sport,50498,https://www.beavertontoyota.com/new-Beaverton-2023-Toyota-4Runner-TRD+Sport-JTESU5JR7P6169605
https://www.beavertontoyota.com,5TFNA5EC8PX018718,https://www.beavertontoyota.com/assets/stock/colormatched_01/transparent/1280/cc_2023tot10_01_1280/cc_2023tot100152_01_1280_1g3.png?bg-color=FFFFFF&width=300,2023,Tundra,Toyota,2023 Toyota Tundra Platinum with Accessories,62815,https://www.beavertontoyota.com/new-Beaverton-2023-Toyota-Tundra-Platinum+with+Accessories-5TFNA5EC8PX018718
https://www.beavertontoyota.com,5TFLA5DBXPX109702,https://www.beavertontoyota.com/inventoryphotos/8759/5tfla5dbxpx109702/ip/1.jpg?bg-color=FFFFFF&width=300,2023,Tundra,Toyota,2023 Toyota Tundra SR5,49241,https://www.beavertontoyota.com/new-Beaverton-2023-Toyota-Tundra-SR5-5TFLA5DBXPX109702
https://www.beavertontoyota.com,5TFVC5DB1PX033046,https://www.beavertontoyota.com/inventoryphotos/8759/5tfvc5db1px033046/ip/1.jpg?bg-color=FFFFFF&width=300,2023,Tundra Hybrid,Toyota,2023 Toyota Tundra Hybrid Capstone with Accessories,77643,https://www.beavertontoyota.com/new-Beaverton-2023-Toyota-Tundra+Hybrid-Capstone+with+Accessories-5TFVC5DB1PX033046
https://www.beavertontoyota.com,5TFJA5DB3PX109922,https://www.beavertontoyota.com/assets/stock/colormatched_01/transparent/1280/cc_2023tot10_01_1280/cc_2023tot100097_01_1280_218.png?bg-color=FFFFFF&width=300,2023,Tundra,Toyota,2023 Toyota Tundra Limited,58939,https://www.beavertontoyota.com/new-Beaverton-2023-Toyota-Tundra-Limited-5TFJA5DB3PX109922
https://www.beavertontoyota.com,5TFJA5EC9PX018046,https://www.beavertontoyota.com/inventoryphotos/8759/5tfja5ec9px018046/ip/1.jpg?bg-color=FFFFFF&width=300,2023,Tundra,Toyota,2023 Toyota Tundra Limited,58408,https://www.beavertontoyota.com/new-Beaverton-2023-Toyota-Tundra-Limited-5TFJA5EC9PX018046
https://www.beavertontoyota.com,5TFJA5EC8PX017308,https://www.beavertontoyota.com/assets/stock/colormatched_01/transparent/1280/cc_2023tot10_01_1280/cc_2023tot100096_01_1280_1g3.png?bg-color=FFFFFF&width=300,2023,Tundra,Toyota,2023 Toyota Tundra Limited with Accessories,62037,https://www.beavertontoyota.com/new-Beaverton-2023-Toyota-Tundra-Limited+with+Accessories-5TFJA5EC8PX017308
https://www.beavertontoyota.com,5TFJA5EC4PX017354,https://www.beavertontoyota.com/assets/stock/colormatched_01/transparent/1280/cc_2023tot10_01_1280/cc_2023tot100102_01_1280_8x8.png?bg-color=FFFFFF&width=300,2023,Tundra,Toyota,2023 Toyota Tundra Limited with Accessories,62037,https://www.beavertontoyota.com/new-Beaverton-2023-Toyota-Tundra-Limited+with+Accessories-5TFJA5EC4PX017354
https://www.beavertontoyota.com,5TFLA5DB0PX104508,https://www.beavertontoyota.com/assets/stock/colormatched_01/transparent/1280/cc_2023tot10_01_1280/cc_2023tot100044_01_1280_218.png?bg-color=FFFFFF&width=300,2023,Tundra,Toyota,2023 Toyota Tundra SR5 with Accessories,56101,https://www.beavertontoyota.com/new-Beaverton-2023-Toyota-Tundra-SR5+with+Accessories-5TFLA5DB0PX104508
https://www.beavertontoyota.com,5TFJA5DB9PX104837,https://www.beavertontoyota.com/assets/stock/colormatched_01/transparent/1280/cc_2023tot10_01_1280/cc_2023tot100093_01_1280_1j9.png?bg-color=FFFFFF&width=300,2023,Tundra,Toyota,2023 Toyota Tundra Limited with Accessories,61059,https://www.beavertontoyota.com/new-Beaverton-2023-Toyota-Tundra-Limited+with+Accessories-5TFJA5DB9PX104837
https://www.beavertontoyota.com,5TFJC5EC7PX003880,https://www.beavertontoyota.com/assets/stock/colormatched_01/transparent/1280/cc_2023tot13_01_1280/cc_2023tot130020_01_1280_218.png?bg-color=FFFFFF&width=300,2023,Tundra Hybrid,Toyota,2023 Toyota Tundra Hybrid Limited with Accessories,71096,https://www.beavertontoyota.com/new-Beaverton-2023-Toyota-Tundra+Hybrid-Limited+with+Accessories-5TFJC5EC7PX003880
https://www.beavertontoyota.com,5TFLA5EC4PX017735,https://www.beavertontoyota.com/assets/stock/colormatched_01/transparent/1280/cc_2023tot10_01_1280/cc_2023tot100044_01_1280_218.png?bg-color=FFFFFF&width=300,2023,Tundra,Toyota,2023 Toyota Tundra SR5,54275,https://www.beavertontoyota.com/new-Beaverton-2023-Toyota-Tundra-SR5-5TFLA5EC4PX017735
https://www.beavertontoyota.com,5TFLA5EC8PX017706,https://www.beavertontoyota.com/assets/stock/colormatched_01/transparent/1280/cc_2023tot10_01_1280/cc_2023tot100044_01_1280_218.png?bg-color=FFFFFF&width=300,2023,Tundra,Toyota,2023 Toyota Tundra SR5,54275,https://www.beavertontoyota.com/new-Beaverton-2023-Toyota-Tundra-SR5-5TFLA5EC8PX017706
https://www.beavertontoyota.com,5TFLA5AB6PX027678,https://www.beavertontoyota.com/assets/stock/colormatched_01/transparent/1280/cc_2023tot10_01_1280/cc_2023tot100044_01_1280_218.png?bg-color=FFFFFF&width=300,2023,Tundra,Toyota,2023 Toyota Tundra SR5,50042,https://www.beavertontoyota.com/new-Beaverton-2023-Toyota-Tundra-SR5-5TFLA5AB6PX027678
https://www.beavertontoyota.com,5TFNA5EC6PX017874,https://www.beavertontoyota.com/assets/stock/colormatched_01/transparent/1280/cc_2023tot10_01_1280/cc_2023tot100152_01_1280_1g3.png?bg-color=FFFFFF&width=300,2023,Tundra,Toyota,2023 Toyota Tundra Platinum with Accessories,66861,https://www.beavertontoyota.com/new-Beaverton-2023-Toyota-Tundra-Platinum+with+Accessories-5TFNA5EC6PX017874
https://www.beavertontoyota.com,5TFNC5ECXPX003907,https://www.beavertontoyota.com/assets/stock/colormatched_01/transparent/1280/cc_2023tot13_01_1280/cc_2023tot130072_01_1280_1g3.png?bg-color=FFFFFF&width=300,2023,Tundra Hybrid,Toyota,2023 Toyota Tundra Hybrid Platinum with Accessories,73296,https://www.beavertontoyota.com/new-Beaverton-2023-Toyota-Tundra+Hybrid-Platinum+with+Accessories-5TFNC5ECXPX003907
https://www.beavertontoyota.com,5TFJA5EC4PX017919,https://www.beavertontoyota.com/assets/stock/colormatched_01/transparent/1280/cc_2023tot10_01_1280/cc_2023tot100093_01_1280_1j9.png?bg-color=FFFFFF&width=300,2023,Tundra,Toyota,2023 Toyota Tundra Limited with Accessories,61667,https://www.beavertontoyota.com/new-Beaverton-2023-Toyota-Tundra-Limited+with+Accessories-5TFJA5EC4PX017919
https://www.beavertontoyota.com,5TFLA5DB1PX110494,https://www.beavertontoyota.com/assets/stock/colormatched_01/transparent/1280/cc_2023tot10_01_1280/cc_2023tot100042_01_1280_040.png?bg-color=FFFFFF&width=300,2023,Tundra,Toyota,2023 Toyota Tundra SR5 with Accessories,55497,https://www.beavertontoyota.com/new-Beaverton-2023-Toyota-Tundra-SR5+with+Accessories-5TFLA5DB1PX110494
https://www.beavertontoyota.com,5TFMA5EC4PX018243,https://www.beavertontoyota.com/assets/stock/colormatched_01/transparent/1280/cc_2023tot10_01_1280/cc_2023tot100088_01_1280_218.png?bg-color=FFFFFF&width=300,2023,Tundra,Toyota,2023 Toyota Tundra 1794 with Accessories,69022,https://www.beavertontoyota.com/new-Beaverton-2023-Toyota-Tundra-1794+with+Accessories-5TFMA5EC4PX018243
https://www.beavertontoyota.com,5TFNA5EC5PX018241,https://www.beavertontoyota.com/assets/stock/colormatched_01/transparent/1280/cc_2023tot10_01_1280/cc_2023tot100154_01_1280_1j9.png?bg-color=FFFFFF&width=300,2023,Tundra,Toyota,2023 Toyota Tundra Platinum with Accessories,66301,https://www.beavertontoyota.com/new-Beaverton-2023-Toyota-Tundra-Platinum+with+Accessories-5TFNA5EC5PX018241
https://www.beavertontoyota.com,5TFJA5ECXPX018721,https://www.beavertontoyota.com/assets/stock/colormatched_01/transparent/1280/cc_2023tot10_01_1280/cc_2023tot100099_01_1280_4x4.png?bg-color=FFFFFF&width=300,2023,Tundra,Toyota,2023 Toyota Tundra Limited with Accessories,64468,https://www.beavertontoyota.com/new-Beaverton-2023-Toyota-Tundra-Limited+with+Accessories-5TFJA5ECXPX018721
https://www.beavertontoyota.com,5TFLA5DBXPX115998,https://www.beavertontoyota.com/assets/stock/colormatched_01/transparent/1280/cc_2023tot10_01_1280/cc_2023tot100047_01_1280_8x8.png?bg-color=FFFFFF&width=300,2023,Tundra,Toyota,2023 Toyota Tundra SR5 with Accessories,55442,https://www.beavertontoyota.com/new-Beaverton-2023-Toyota-Tundra-SR5+with+Accessories-5TFLA5DBXPX115998
https://www.beavertontoyota.com,5TFNA5DB9PX116021,https://www.beavertontoyota.com/assets/stock/colormatched_01/transparent/1280/cc_2023tot10_01_1280/cc_2023tot100155_01_1280_218.png?bg-color=FFFFFF&width=300,2023,Tundra,Toyota,2023 Toyota Tundra Platinum with Accessories,67862,https://www.beavertontoyota.com/new-Beaverton-2023-Toyota-Tundra-Platinum+with+Accessories-5TFNA5DB9PX116021
https://www.beavertontoyota.com,5TFKB5GD4PX002280,https://www.beavertontoyota.com/assets/stock/colormatched_01/transparent/1280/cc_2023tot10_01_1280/cc_2023tot100012_01_1280_040.png?bg-color=FFFFFF&width=300,2023,Tundra,Toyota,2023 Toyota Tundra SR,44491,https://www.beavertontoyota.com/new-Beaverton-2023-Toyota-Tundra-SR-5TFKB5GD4PX002280
https://www.beavertontoyota.com,5TFLA5DB6PX116761,https://www.beavertontoyota.com/assets/stock/colormatched_01/transparent/1280/cc_2023tot10_01_1280/cc_2023tot100048_01_1280_1j9.png?bg-color=FFFFFF&width=300,2023,Tundra,Toyota,2023 Toyota Tundra SR5 with Accessories,59737,https://www.beavertontoyota.com/new-Beaverton-2023-Toyota-Tundra-SR5+with+Accessories-5TFLA5DB6PX116761
https://www.beavertontoyota.com,WZ1DB0C0XMW035141,https://www.beavertontoyota.com/inventoryphotos/8759/wz1db0c0xmw035141/ip/1.jpg?bg-color=FFFFFF&width=300,2021,Supra,Toyota,2021 Toyota Supra 3.0,54499,https://www.beavertontoyota.com/used-Beaverton-2021-Toyota-Supra-30-WZ1DB0C0XMW035141
https://www.beavertontoyota.com,1C6HJTAG8ML589517,https://www.beavertontoyota.com/inventoryphotos/8759/1c6hjtag8ml589517/ip/1.jpg?bg-color=FFFFFF&width=300,2021,Gladiator,Jeep,2021 Jeep Gladiator Sport,52995,https://www.beavertontoyota.com/used-Beaverton-2021-Jeep-Gladiator-Sport-1C6HJTAG8ML589517
https://www.beavertontoyota.com,JF2GTHRC5MH323972,https://www.beavertontoyota.com/inventoryphotos/8759/jf2gthrc5mh323972/ip/1.jpg?bg-color=FFFFFF&width=300,2021,Crosstrek,Subaru,2021 Subaru Crosstrek Sport,37195,https://www.beavertontoyota.com/used-Beaverton-2021-Subaru-Crosstrek-Sport-JF2GTHRC5MH323972
https://www.beavertontoyota.com,2G1105S35J9121180,https://www.beavertontoyota.com/inventoryphotos/8759/2g1105s35j9121180/ip/1.jpg?bg-color=FFFFFF&width=300,2018,Impala,Chevrolet,2018 Chevrolet Impala LT 1LT,19795,https://www.beavertontoyota.com/used-Beaverton-2018-Chevrolet-Impala-LT+1LT-2G1105S35J9121180
https://www.beavertontoyota.com,19XFC2F76HE010701,https://www.beavertontoyota.com/inventoryphotos/8759/19xfc2f76he010701/ip/1.jpg?bg-color=FFFFFF&width=300,2017,Civic,Honda,2017 Honda Civic EX,18495,https://www.beavertontoyota.com/used-Beaverton-2017-Honda-Civic-EX-19XFC2F76HE010701
https://www.beavertontoyota.com,4T1FZ1FB5LU040520,https://www.beavertontoyota.com/inventoryphotos/8759/4t1fz1fb5lu040520/ip/1.jpg?bg-color=FFFFFF&width=300,2020,Avalon,Toyota,2020 Toyota Avalon TRD,37995,https://www.beavertontoyota.com/used-Beaverton-2020-Toyota-Avalon-TRD-4T1FZ1FB5LU040520
https://www.beavertontoyota.com,JF2GTACC2K8333484,https://www.beavertontoyota.com/inventoryphotos/8759/jf2gtacc2k8333484/ip/1.jpg?bg-color=FFFFFF&width=300,2019,Crosstrek,Subaru,2019 Subaru Crosstrek 2.0i Premium,26295,https://www.beavertontoyota.com/used-Beaverton-2019-Subaru-Crosstrek-20i+Premium-JF2GTACC2K8333484
https://www.beavertontoyota.com,3TMDZ5BN4PM153713,https://www.beavertontoyota.com/inventoryphotos/8759/3tmdz5bn4pm153713/ip/1.jpg?bg-color=FFFFFF&width=300,2023,Tacoma,Toyota,2023 Toyota Tacoma TRD Off-Road V6,58695,https://www.beavertontoyota.com/used-Beaverton-2023-Toyota-Tacoma-TRD+Off+Road+V6-3TMDZ5BN4PM153713
https://www.beavertontoyota.com,1G1RA6S59HU213168,https://www.beavertontoyota.com/inventoryphotos/8759/1g1ra6s59hu213168/ip/1.jpg?bg-color=FFFFFF&width=300,2017,Volt,Chevrolet,2017 Chevrolet Volt LT,21795,https://www.beavertontoyota.com/used-Beaverton-2017-Chevrolet-Volt-LT-1G1RA6S59HU213168
https://www.beavertontoyota.com,JTEAAAAH5MJ019148,https://www.beavertontoyota.com/inventoryphotos/8759/jteaaaah5mj019148/ip/1.jpg?bg-color=FFFFFF&width=300,2021,Venza,Toyota,2021 Toyota Venza LE,34495,https://www.beavertontoyota.com/used-Beaverton-2021-Toyota-Venza-LE-JTEAAAAH5MJ019148
https://www.beavertontoyota.com,19XFL2H82NE005299,https://www.beavertontoyota.com/inventoryphotos/8759/19xfl2h82ne005299/ip/1.jpg?bg-color=FFFFFF&width=300,2022,Civic,Honda,2022 Honda Civic Sport,26895,https://www.beavertontoyota.com/used-Beaverton-2022-Honda-Civic-Sport-19XFL2H82NE005299
https://www.beavertontoyota.com,2T3W1RFV9MC152926,https://www.beavertontoyota.com/inventoryphotos/8759/2t3w1rfv9mc152926/ip/1.jpg?bg-color=FFFFFF&width=300,2021,RAV4,Toyota,2021 Toyota RAV4 XLE,30295,https://www.beavertontoyota.com/used-Beaverton-2021-Toyota-RAV4-XLE-2T3W1RFV9MC152926
https://www.beavertontoyota.com,1N6AD0EVXKN780461,https://www.beavertontoyota.com/inventoryphotos/8759/1n6ad0evxkn780461/ip/1.jpg?bg-color=FFFFFF&width=300,2019,Frontier,Nissan,2019 Nissan Frontier SV,28095,https://www.beavertontoyota.com/used-Beaverton-2019-Nissan-Frontier-SV-1N6AD0EVXKN780461
https://www.beavertontoyota.com,3TMDZ5BN3JM039581,https://www.beavertontoyota.com/inventoryphotos/8759/3tmdz5bn3jm039581/ip/1.jpg?bg-color=FFFFFF&width=300,2018,Tacoma,Toyota,2018 Toyota Tacoma SR5 V6,34495,https://www.beavertontoyota.com/used-Beaverton-2018-Toyota-Tacoma-SR5+V6-3TMDZ5BN3JM039581
https://www.beavertontoyota.com,2T3RWRFV1NW136265,https://www.beavertontoyota.com/inventoryphotos/8759/2t3rwrfv1nw136265/ip/1.jpg?bg-color=FFFFFF&width=300,2022,RAV4 Hybrid,Toyota,2022 Toyota RAV4 Hybrid XLE,40995,https://www.beavertontoyota.com/used-Beaverton-2022-Toyota-RAV4+Hybrid-XLE-2T3RWRFV1NW136265
https://www.beavertontoyota.com,4T1K31AK0MU030809,https://www.beavertontoyota.com/inventoryphotos/8759/4t1k31ak0mu030809/ip/1.jpg?bg-color=FFFFFF&width=300,2021,Camry Hybrid,Toyota,2021 Toyota Camry Hybrid XSE,35795,https://www.beavertontoyota.com/used-Beaverton-2021-Toyota-Camry+Hybrid-XSE-4T1K31AK0MU030809
https://www.beavertontoyota.com,5TDJZRFH8KS958122,https://www.beavertontoyota.com/inventoryphotos/8759/5tdjzrfh8ks958122/ip/1.jpg?bg-color=FFFFFF&width=300,2019,Highlander,Toyota,2019 Toyota Highlander XLE,33695,https://www.beavertontoyota.com/used-Beaverton-2019-Toyota-Highlander-XLE-5TDJZRFH8KS958122
https://www.beavertontoyota.com,2T3MWRFV4KW013503,https://www.beavertontoyota.com/inventoryphotos/8759/2t3mwrfv4kw013503/ip/1.jpg?bg-color=FFFFFF&width=300,2019,RAV4 Hybrid,Toyota,2019 Toyota RAV4 Hybrid LE,27295,https://www.beavertontoyota.com/used-Beaverton-2019-Toyota-RAV4+Hybrid-LE-2T3MWRFV4KW013503
https://www.beavertontoyota.com,4S4BTGND6M3107638,https://www.beavertontoyota.com/inventoryphotos/8759/4s4btgnd6m3107638/ip/1.jpg?bg-color=FFFFFF&width=300,2021,Outback,Subaru,2021 Subaru Outback Limited XT,34195,https://www.beavertontoyota.com/used-Beaverton-2021-Subaru-Outback-Limited+XT-4S4BTGND6M3107638
https://www.beavertontoyota.com,5TFDZ5BNXGX008007,https://www.beavertontoyota.com/inventoryphotos/8759/5tfdz5bnxgx008007/ip/1.jpg?bg-color=FFFFFF&width=300,2016,Tacoma,Toyota,2016 Toyota Tacoma TRD Off-Road V6,33595,https://www.beavertontoyota.com/used-Beaverton-2016-Toyota-Tacoma-TRD+Off+Road+V6-5TFDZ5BNXGX008007
https://www.beavertontoyota.com,JTERU5JR6P6159937,https://www.beavertontoyota.com/inventoryphotos/8759/jteru5jr6p6159937/ip/1.jpg?bg-color=FFFFFF&width=300,2023,4Runner,Toyota,2023 Toyota 4Runner TRD Off-Road Premium with Accessories,68995,https://www.beavertontoyota.com/used-Beaverton-2023-Toyota-4Runner-TRD+Off+Road+Premium+with+Accessories-JTERU5JR6P6159937
https://www.beavertontoyota.com,JTEBU5JRXL5765632,https://www.beavertontoyota.com/inventoryphotos/8759/jtebu5jrxl5765632/ip/1.jpg?bg-color=FFFFFF&width=300,2020,4Runner,Toyota,2020 Toyota 4Runner TRD Off-Road Premium,44995,https://www.beavertontoyota.com/used-Beaverton-2020-Toyota-4Runner-TRD+Off+Road+Premium-JTEBU5JRXL5765632
https://www.beavertontoyota.com,JTEBU5JR2J5595764,https://www.beavertontoyota.com/inventoryphotos/8759/jtebu5jr2j5595764/ip/1.jpg?bg-color=FFFFFF&width=300,2018,4Runner,Toyota,2018 Toyota 4Runner Limited,41895,https://www.beavertontoyota.com/used-Beaverton-2018-Toyota-4Runner-Limited-JTEBU5JR2J5595764
https://www.beavertontoyota.com,WAUA2AFD9DN007713,https://www.beavertontoyota.com/inventoryphotos/8759/waua2afd9dn007713/ip/1.jpg?bg-color=FFFFFF&width=300,2013,A8,Audi,2013 Audi A8 4.0T quattro,20895,https://www.beavertontoyota.com/used-Beaverton-2013-Audi-A8-40T+quattro-WAUA2AFD9DN007713
https://www.mypowerhonda.com,2HKRS4H44PH427890,https://www.mypowerhonda.com/inventoryphotos/4979/2hkrs4h44ph427890/ip/thumbs/1.jpg?width=320&bg-color=FFFFFF,2023,CR-V,Honda,2023 Honda CR-V EX,34310,#data-2HKRS4H44PH427890
https://www.mypowerhonda.com,2HKRS4H44PH427890,https://www.mypowerhonda.com/inventoryphotos/4979/2hkrs4h44ph427890/ip/thumbs/1.jpg?width=320&bg-color=FFFFFF,2023,CR-V,Honda,2023 Honda CR-V EX,34310,#data-2HKRS4H44PH427890
https://www.mypowerhonda.com,2HKRS4H44PH427890,https://www.mypowerhonda.com/inventoryphotos/4979/2hkrs4h44ph427890/ip/thumbs/1.jpg?width=320&bg-color=FFFFFF,2023,CR-V,Honda,2023 Honda CR-V EX,34310,#data-2HKRS4H44PH427890
https://www.mypowerhonda.com,5FPYK3F54PB039923,https://www.mypowerhonda.com/inventoryphotos/4979/5fpyk3f54pb039923/ip/thumbs/1.jpg?width=320&bg-color=FFFFFF,2023,Ridgeline,Honda,2023 Honda Ridgeline RTL,43580,#data-5FPYK3F54PB039923
https://www.mypowerhonda.com,5FNYF8H53PB025597,https://www.mypowerhonda.com/inventoryphotos/4979/5fnyf8h53pb025597/ip/thumbs/1.jpg?width=320&bg-color=FFFFFF,2023,Passport,Honda,2023 Honda Passport EX-L,41788,#data-5FNYF8H53PB025597
https://www.mypowerhonda.com,5FNYF8H53PB025597,https://www.mypowerhonda.com/inventoryphotos/4979/5fnyf8h53pb025597/ip/thumbs/1.jpg?width=320&bg-color=FFFFFF,2023,Passport,Honda,2023 Honda Passport EX-L,41788,#data-5FNYF8H53PB025597
https://www.mypowerhonda.com,5FPYK3F54PB039923,https://www.mypowerhonda.com/inventoryphotos/4979/5fpyk3f54pb039923/ip/thumbs/1.jpg?width=320&bg-color=FFFFFF,2023,Ridgeline,Honda,2023 Honda Ridgeline RTL,43580,#data-5FPYK3F54PB039923
https://www.mypowerhonda.com,2HKRS4H44PH427890,https://www.mypowerhonda.com/inventoryphotos/4979/2hkrs4h44ph427890/ip/thumbs/1.jpg?width=320&bg-color=FFFFFF,2023,CR-V,Honda,2023 Honda CR-V EX,34310,#data-2HKRS4H44PH427890
https://www.beavertontoyota.com,5TDDSKFC3PS093953,https://www.beavertontoyota.com/assets/stock/colormatched_01/transparent/1280/cc_2023tov11_01_1280/cc_2023tov110017_01_1280_1h5.png?bg-color=FFFFFF&width=300,2023,Sienna,Toyota,2023 Toyota Sienna XSE 7 Passenger,49515,https://www.beavertontoyota.com/new-Beaverton-2023-Toyota-Sienna-XSE+7+Passenger-5TDDSKFC3PS093953
https://www.beavertontoyota.com,5TDDSKFC9PS097120,https://www.beavertontoyota.com/assets/stock/colormatched_01/transparent/1280/cc_2023tov11_01_1280/cc_2023tov110010_01_1280_1j9.png?bg-color=FFFFFF&width=300,2023,Sienna,Toyota,2023 Toyota Sienna XSE 7 Passenger,49803,https://www.beavertontoyota.com/new-Beaverton-2023-Toyota-Sienna-XSE+7+Passenger-5TDDSKFC9PS097120
https://www.mypowerhonda.com,1G1ZD5STXJF121903,https://www.mypowerhonda.com/assets/stock/expanded/transparent/640/2018chc110002_640/2018chc110002_640_01.png?width=320&bg-color=FFFFFF,2018,Malibu,Chevrolet,2018 Chevrolet Malibu LT,19995,#data-1G1ZD5STXJF121903
https://www.mypowerhonda.com,2GNAXUEV2K6273454,https://www.mypowerhonda.com/assets/stock/expanded/transparent/1280/2019chs15_1280/2019chs150004_1280_01.png?width=320&bg-color=FFFFFF,2019,Equinox,Chevrolet,2019 Chevrolet Equinox LT,0,#data-2GNAXUEV2K6273454
https://www.mypowerhonda.com,1FTKR1AD2APA39316,https://www.mypowerhonda.com/assets/stock/expanded/transparent/640/2010frd017b_640/2010frd017b_640_01.png?width=320&bg-color=FFFFFF,2010,Ranger,Ford,2010 Ford Ranger XL,14841,#data-1FTKR1AD2APA39316
https://www.mypowerhonda.com,1GCHTBEA7G1102729,https://www.mypowerhonda.com/assets/stock/expanded/transparent/640/2016cht350005_640/2016cht350005_640_01.png?width=320&bg-color=FFFFFF,2016,Colorado,Chevrolet,2016 Chevrolet Colorado 4WD WT,25995,#data-1GCHTBEA7G1102729
https://www.mypowerhonda.com,1FADP3K24EL295595,https://www.mypowerhonda.com/inventoryphotos/8063/1fadp3k24el295595/ip/thumbs/1.jpg?width=320&bg-color=FFFFFF,2014,Focus,Ford,2014 Ford Focus SE,12999,#data-1FADP3K24EL295595
https://www.mypowerhonda.com,1C6RR7FM6GS393010,https://www.mypowerhonda.com/assets/stock/colormatched_01/transparent/640/cc_2016rmt110008_01_640/cc_2016rmt110008_01_640_prv.png?width=320&bg-color=FFFFFF,2016,1500,RAM,2016 RAM 1500 Tradesman,21500,#data-1C6RR7FM6GS393010
https://www.mypowerhonda.com,WV2MH4709YH073132,https://www.mypowerhonda.com/inventoryphotos/8065/wv2mh4709yh073132/ip/thumbs/1.jpg?width=320&bg-color=FFFFFF,2000,EuroVan,Volkswagen,2000 Volkswagen EuroVan MV,5995,#data-WV2MH4709YH073132
https://www.mypowerhonda.com,3FADP4EJ1KM105125,https://www.mypowerhonda.com/inventoryphotos/8063/3fadp4ej1km105125/ip/thumbs/1.jpg?width=320&bg-color=FFFFFF,2019,Fiesta,Ford,2019 Ford Fiesta SE,17995,#data-3FADP4EJ1KM105125
https://www.mypowerhonda.com,JTHCE1BL3D5011514,https://www.mypowerhonda.com/assets/stock/expanded/transparent/640/2013lex002a_640/2013lex002a_640_01.png?width=320&bg-color=FFFFFF,2013,GS 350,Lexus,2013 Lexus GS 350,0,#data-JTHCE1BL3D5011514
https://www.mypowerhonda.com,19XFC2F51GE208552,https://www.mypowerhonda.com/resources/components/missing/photo_unavailable_640.png?width=320&bg-color=FFFFFF,2016,Civic Sedan,Honda,2016 Honda Civic Sedan LX,25995,
https://www.mypowerhonda.com,1G1FP21E1KL178943,https://www.mypowerhonda.com/inventoryphotos/4978/1g1fp21e1kl178943/ip/thumbs/1.jpg?width=320&bg-color=FFFFFF,1989,Camaro,Chevrolet,1989 Chevrolet Camaro IROC Z,14995,#data-1G1FP21E1KL178943
https://www.mypowerhonda.com,2GNALBEK9E6277429,https://www.mypowerhonda.com/inventoryphotos/8063/2gnalbek9e6277429/ip/thumbs/1.jpg?width=320&bg-color=FFFFFF,2014,Equinox,Chevrolet,2014 Chevrolet Equinox LT,5995,#data-2GNALBEK9E6277429
https://www.mypowerhonda.com,1C4PJMDX6LD619435,https://www.mypowerhonda.com/assets/stock/expanded/transparent/1280/2020jes04_1280/2020jes040048_1280_01.png?width=320&bg-color=FFFFFF,2020,Cherokee,Jeep,2020 Jeep Cherokee High Altitude,28995,#data-1C4PJMDX6LD619435
https://www.mypowerhonda.com,3C4FY58B25T581405,https://www.mypowerhonda.com/resources/components/missing/photo_unavailable_640.png?width=320&bg-color=FFFFFF,2005,PT Cruiser,Chrysler,2005 Chrysler PT Cruiser Touring,3495,
https://www.mypowerhonda.com,3D7LX39C26G187792,https://www.mypowerhonda.com/inventoryphotos/8067/3d7lx39c26g187792/ip/thumbs/1.jpg?width=320&bg-color=FFFFFF,2006,Ram 3500,Dodge,2006 Dodge Ram 3500 SLT,19995,#data-3D7LX39C26G187792
https://www.mypowerhonda.com,KL7CJNSM1MB373529,https://www.mypowerhonda.com/inventoryphotos/8063/kl7cjnsm1mb373529/ip/thumbs/1.jpg?width=320&bg-color=FFFFFF,2021,Trax,Chevrolet,2021 Chevrolet Trax LS,29476,#data-KL7CJNSM1MB373529
https://www.mypowerhonda.com,1FDTF4GT3HEC91803,https://www.mypowerhonda.com/inventoryphotos/4978/1fdtf4gt3hec91803/ip/thumbs/1.jpg?width=320&bg-color=FFFFFF,2017,Super Duty F-450 DRW,Ford,2017 Ford Super Duty F-450 DRW PowerStroke Diesel w/ Dump Bed,30877,#data-1FDTF4GT3HEC91803
https://www.mypowerhonda.com,JTDKARFP0H3047165,https://www.mypowerhonda.com/inventoryphotos/7866/jtdkarfp0h3047165/ip/thumbs/1.jpg?width=320&bg-color=FFFFFF,2017,Prius Prime,Toyota,2017 Toyota Prius Prime Premium,0,#data-JTDKARFP0H3047165
https://www.mypowerhonda.com,1FM5K8GT0FGB25851,https://www.mypowerhonda.com/inventoryphotos/8063/1fm5k8gt0fgb25851/ip/thumbs/1.jpg?width=320&bg-color=FFFFFF,2015,Explorer,Ford,2015 Ford Explorer Sport,17995,#data-1FM5K8GT0FGB25851
https://www.mypowerhonda.com,1GTW7AFFXH1915578,https://www.mypowerhonda.com/inventoryphotos/8067/1gtw7affxh1915578/ip/thumbs/1.jpg?width=320&bg-color=FFFFFF,2017,Savana Cargo Van,GMC,2017 GMC Savana Cargo Van,24995,#data-1GTW7AFFXH1915578
https://www.mypowerhonda.com,1GCWGAFP9M1219183,https://www.mypowerhonda.com/inventoryphotos/4978/1gcwgafp9m1219183/ip/thumbs/1.jpg?width=320&bg-color=FFFFFF,2021,Express Cargo Van,Chevrolet,2021 Chevrolet Express Cargo Van,39342,#data-1GCWGAFP9M1219183
https://www.mypowerhonda.com,5NPDH4AE6GH676512,https://www.mypowerhonda.com/assets/stock/expanded/transparent/1280/2016hyu003a_1280/2016hyu003a_1280_01.png?width=320&bg-color=FFFFFF,2016,Elantra,Hyundai,2016 Hyundai Elantra SE,3995,#data-5NPDH4AE6GH676512
https://www.mypowerhonda.com,1C3CDFAA1GD533493,https://www.mypowerhonda.com/assets/stock/colormatched_01/transparent/640/cc_2016doc300001_01_640/cc_2016doc300001_01_640_pw7.png?width=320&bg-color=FFFFFF,2016,Dart,Dodge,2016 Dodge Dart SE,0,#data-1C3CDFAA1GD533493
https://www.mypowerhonda.com,1FDWE3FK6NDC29896,https://www.mypowerhonda.com/inventoryphotos/4978/1fdwe3fk6ndc29896/ip/thumbs/1.jpg?width=320&bg-color=FFFFFF,2022,E-Series Cutaway,Ford,2022 Ford E-Series Cutaway 10' Box w/ Side Door,56877,#data-1FDWE3FK6NDC29896
https://www.mypowerhonda.com,1GCWGAFP9M1239059,https://www.mypowerhonda.com/inventoryphotos/4978/1gcwgafp9m1239059/ip/thumbs/1.jpg?width=320&bg-color=FFFFFF,2021,Express Cargo Van,Chevrolet,2021 Chevrolet Express Cargo Van,41995,#data-1GCWGAFP9M1239059
https://www.beavertontoyota.com,JF1ZNBF11P8761755,https://www.beavertontoyota.com/assets/stock/colormatched_01/transparent/1280/cc_2023toc37_01_1280/cc_2023toc370026_01_1280_dck.png?bg-color=FFFFFF&width=300,2023,GR86,Toyota,2023 Toyota GR86 Premium,34777,https://www.beavertontoyota.com/new-Beaverton-2023-Toyota-GR86-Premium-JF1ZNBF11P8761755
https://www.beavertontoyota.com,5YFB4MDE0PP044056,https://www.beavertontoyota.com/assets/stock/colormatched_01/transparent/1280/cc_2023toc04_01_1280/cc_2023toc040001_01_1280_1f7.png?bg-color=FFFFFF&width=300,2023,Corolla,Toyota,2023 Toyota Corolla LE,22645,https://www.beavertontoyota.com/new-Beaverton-2023-Toyota-Corolla-LE-5YFB4MDE0PP044056
https://www.beavertontoyota.com,5YFS4MCE9PP157988,https://www.beavertontoyota.com/assets/stock/colormatched_01/transparent/1280/cc_2023toc04_01_1280/cc_2023toc040036_01_1280_2yc.png?bg-color=FFFFFF&width=300,2023,Corolla,Toyota,2023 Toyota Corolla SE,26427,https://www.beavertontoyota.com/new-Beaverton-2023-Toyota-Corolla-SE-5YFS4MCE9PP157988
https://www.beavertontoyota.com,5YFP4MCE0PP159134,https://www.beavertontoyota.com/assets/stock/colormatched_01/transparent/1280/cc_2023toc04_01_1280/cc_2023toc040036_01_1280_2yc.png?bg-color=FFFFFF&width=300,2023,Corolla,Toyota,2023 Toyota Corolla SE,27647,https://www.beavertontoyota.com/new-Beaverton-2023-Toyota-Corolla-SE-5YFP4MCE0PP159134
https://www.beavertontoyota.com,4T1F11BKXPU106109,https://www.beavertontoyota.com/assets/stock/colormatched_01/transparent/1280/cc_2023toc02_01_1280/cc_2023toc020094_01_1280_1j9.png?bg-color=FFFFFF&width=300,2023,Camry,Toyota,2023 Toyota Camry XLE,33536,https://www.beavertontoyota.com/new-Beaverton-2023-Toyota-Camry-XLE-4T1F11BKXPU106109
https://www.beavertontoyota.com,4T1G11AK2PU824985,https://www.beavertontoyota.com/assets/stock/colormatched_01/transparent/1280/cc_2023toc02_01_1280/cc_2023toc020024_01_1280_040.png?bg-color=FFFFFF&width=300,2023,Camry,Toyota,2023 Toyota Camry SE,26842,https://www.beavertontoyota.com/new-Beaverton-2023-Toyota-Camry-SE-4T1G11AK2PU824985
https://www.beavertontoyota.com,4T1G11AK3PU178209,https://www.beavertontoyota.com/assets/stock/colormatched_01/transparent/1280/cc_2023toc02_01_1280/cc_2023toc020025_01_1280_1h1.png?bg-color=FFFFFF&width=300,2023,Camry,Toyota,2023 Toyota Camry SE,27822,https://www.beavertontoyota.com/new-Beaverton-2023-Toyota-Camry-SE-4T1G11AK3PU178209
https://www.beavertontoyota.com,4T1G11BK8PU106503,https://www.beavertontoyota.com/assets/stock/colormatched_01/transparent/1280/cc_2023toc02_01_1280/cc_2023toc020026_01_1280_1j9.png?bg-color=FFFFFF&width=300,2023,Camry,Toyota,2023 Toyota Camry SE,27251,https://www.beavertontoyota.com/new-Beaverton-2023-Toyota-Camry-SE-4T1G11BK8PU106503
https://www.beavertontoyota.com,4T1G11BK8PU105657,https://www.beavertontoyota.com/assets/stock/colormatched_01/transparent/1280/cc_2023toc02_01_1280/cc_2023toc020026_01_1280_1j9.png?bg-color=FFFFFF&width=300,2023,Camry,Toyota,2023 Toyota Camry SE,30478,https://www.beavertontoyota.com/new-Beaverton-2023-Toyota-Camry-SE-4T1G11BK8PU105657
https://www.beavertontoyota.com,4T1C11BKXPU106856,https://www.beavertontoyota.com/assets/stock/colormatched_01/transparent/1280/cc_2023toc02_01_1280/cc_2023toc020012_01_1280_1h1.png?bg-color=FFFFFF&width=300,2023,Camry,Toyota,2023 Toyota Camry LE,27214,https://www.beavertontoyota.com/new-Beaverton-2023-Toyota-Camry-LE-4T1C11BKXPU106856
https://www.beavertontoyota.com,4T1G11BK7PU106976,https://www.beavertontoyota.com/assets/stock/colormatched_01/transparent/1280/cc_2023toc02_01_1280/cc_2023toc020026_01_1280_1j9.png?bg-color=FFFFFF&width=300,2023,Camry,Toyota,2023 Toyota Camry SE with Acceessories,29391,https://www.beavertontoyota.com/new-Beaverton-2023-Toyota-Camry-SE+with+Acceessories-4T1G11BK7PU106976
https://www.beavertontoyota.com,4T1F11BK0PU107320,https://www.beavertontoyota.com/assets/stock/colormatched_01/transparent/1280/cc_2023toc02_01_1280/cc_2023toc020095_01_1280_218.png?bg-color=FFFFFF&width=300,2023,Camry,Toyota,2023 Toyota Camry XLE,34855,https://www.beavertontoyota.com/new-Beaverton-2023-Toyota-Camry-XLE-4T1F11BK0PU107320
https://www.beavertontoyota.com,4T1F11BK5PU107295,https://www.beavertontoyota.com/assets/stock/colormatched_01/transparent/1280/cc_2023toc02_01_1280/cc_2023toc020094_01_1280_1j9.png?bg-color=FFFFFF&width=300,2023,Camry,Toyota,2023 Toyota Camry XLE,34855,https://www.beavertontoyota.com/new-Beaverton-2023-Toyota-Camry-XLE-4T1F11BK5PU107295
https://www.beavertontoyota.com,4T1F11BK7PU107153,https://www.beavertontoyota.com/assets/stock/colormatched_01/transparent/1280/cc_2023toc02_01_1280/cc_2023toc020093_01_1280_1h1.png?bg-color=FFFFFF&width=300,2023,Camry,Toyota,2023 Toyota Camry XLE,34855,https://www.beavertontoyota.com/new-Beaverton-2023-Toyota-Camry-XLE-4T1F11BK7PU107153
https://www.beavertontoyota.com,4T1K61AK9PU183281,https://www.beavertontoyota.com/assets/stock/colormatched_01/transparent/1280/cc_2023toc02_01_1280/cc_2023toc020080_01_1280_2pt.png?bg-color=FFFFFF&width=300,2023,Camry,Toyota,2023 Toyota Camry XSE,32788,https://www.beavertontoyota.com/new-Beaverton-2023-Toyota-Camry-XSE-4T1K61AK9PU183281
https://www.beavertontoyota.com,4T1KZ1AK6PU086644,https://www.beavertontoyota.com/assets/stock/colormatched_01/transparent/1280/cc_2023toc02_01_1280/cc_2023toc020079_01_1280_2ps.png?bg-color=FFFFFF&width=300,2023,Camry,Toyota,2023 Toyota Camry XSE V6,38375,https://www.beavertontoyota.com/new-Beaverton-2023-Toyota-Camry-XSE+V6-4T1KZ1AK6PU086644
https://www.beavertontoyota.com,4T1K61BK1PU107570,https://www.beavertontoyota.com/assets/stock/colormatched_01/transparent/1280/cc_2023toc02_01_1280/cc_2023toc020076_01_1280_1k6.png?bg-color=FFFFFF&width=300,2023,Camry,Toyota,2023 Toyota Camry XSE,36479,https://www.beavertontoyota.com/new-Beaverton-2023-Toyota-Camry-XSE-4T1K61BK1PU107570
https://www.beavertontoyota.com,4T1KZ1AK7PU086846,https://www.beavertontoyota.com/assets/stock/colormatched_01/transparent/1280/cc_2023toc02_01_1280/cc_2023toc020073_01_1280_3u5.png?bg-color=FFFFFF&width=300,2023,Camry,Toyota,2023 Toyota Camry XSE V6,37929,https://www.beavertontoyota.com/new-Beaverton-2023-Toyota-Camry-XSE+V6-4T1KZ1AK7PU086846
https://www.beavertontoyota.com,4T1KZ1AKXPU087148,https://www.beavertontoyota.com/assets/stock/colormatched_01/transparent/1280/cc_2023toc02_01_1280/cc_2023toc020076_01_1280_1k6.png?bg-color=FFFFFF&width=300,2023,Camry,Toyota,2023 Toyota Camry XSE V6,37748,https://www.beavertontoyota.com/new-Beaverton-2023-Toyota-Camry-XSE+V6-4T1KZ1AKXPU087148
https://www.beavertontoyota.com,4T1C11AK4PU185670,https://www.beavertontoyota.com/assets/stock/colormatched_01/transparent/1280/cc_2023toc02_01_1280/cc_2023toc020012_01_1280_1h1.png?bg-color=FFFFFF&width=300,2023,Camry,Toyota,2023 Toyota Camry LE,27364,https://www.beavertontoyota.com/new-Beaverton-2023-Toyota-Camry-LE-4T1C11AK4PU185670
https://www.beavertontoyota.com,2T3N1RFV3PW378927,https://www.beavertontoyota.com/assets/stock/colormatched_01/transparent/1280/cc_2023tos11_01_1280/cc_2023tos110045_01_1280_089.png?bg-color=FFFFFF&width=300,2023,RAV4,Toyota,2023 Toyota RAV4 Limited,42404,https://www.beavertontoyota.com/new-Beaverton-2023-Toyota-RAV4-Limited-2T3N1RFV3PW378927
https://www.beavertontoyota.com,2T3A1RFV1PW380268,https://www.beavertontoyota.com/assets/stock/colormatched_01/transparent/1280/cc_2023tos11_01_1280/cc_2023tos110087_01_1280_089.png?bg-color=FFFFFF&width=300,2023,RAV4,Toyota,2023 Toyota RAV4 XLE Premium with Accessories,39618,https://www.beavertontoyota.com/new-Beaverton-2023-Toyota-RAV4-XLE+Premium+with+Accessories-2T3A1RFV1PW380268
https://www.beavertontoyota.com,2T3P1RFV6PC361680,https://www.beavertontoyota.com/assets/stock/colormatched_01/transparent/1280/cc_2023tos11_01_1280/cc_2023tos110086_01_1280_040.png?bg-color=FFFFFF&width=300,2023,RAV4,Toyota,2023 Toyota RAV4 XLE with Accessories,36665,https://www.beavertontoyota.com/new-Beaverton-2023-Toyota-RAV4-XLE+with+Accessories-2T3P1RFV6PC361680
https://www.beavertontoyota.com,2T3P1RFV4PC367638,https://www.beavertontoyota.com/assets/stock/expanded/transparent/1280/2023tos11_1280/2023tos110097_1280_01.png?bg-color=FFFFFF&width=300,2023,RAV4,Toyota,2023 Toyota RAV4 XLE,35463,https://www.beavertontoyota.com/new-Beaverton-2023-Toyota-RAV4-XLE-2T3P1RFV4PC367638
https://www.beavertontoyota.com,2T3F1RFV7PW376926,https://www.beavertontoyota.com/assets/stock/colormatched_01/transparent/1280/cc_2023tos11_01_1280/cc_2023tos110016_01_1280_040.png?bg-color=FFFFFF&width=300,2023,RAV4,Toyota,2023 Toyota RAV4 LE,31010,https://www.beavertontoyota.com/new-Beaverton-2023-Toyota-RAV4-LE-2T3F1RFV7PW376926
https://www.beavertontoyota.com,2T3F1RFV8PW376952,https://www.beavertontoyota.com/assets/stock/colormatched_01/transparent/1280/cc_2023tos11_01_1280/cc_2023tos110015_01_1280_1g3.png?bg-color=FFFFFF&width=300,2023,RAV4,Toyota,2023 Toyota RAV4 LE with Accessories,31670,https://www.beavertontoyota.com/new-Beaverton-2023-Toyota-RAV4-LE+with+Accessories-2T3F1RFV8PW376952
https://www.beavertontoyota.com,2T3G1RFV0PC368382,https://www.beavertontoyota.com/assets/stock/colormatched_01/transparent/1280/cc_2023tos11_01_1280/cc_2023tos110015_01_1280_1g3.png?bg-color=FFFFFF&width=300,2023,RAV4,Toyota,2023 Toyota RAV4 LE,32257,https://www.beavertontoyota.com/new-Beaverton-2023-Toyota-RAV4-LE-2T3G1RFV0PC368382
https://www.beavertontoyota.com,2T3A1RFV7PC368885,https://www.beavertontoyota.com/assets/stock/colormatched_01/transparent/1280/cc_2023tos11_01_1280/cc_2023tos110088_01_1280_1g3.png?bg-color=FFFFFF&width=300,2023,RAV4,Toyota,2023 Toyota RAV4 XLE Premium with Accessories,41243,https://www.beavertontoyota.com/new-Beaverton-2023-Toyota-RAV4-XLE+Premium+with+Accessories-2T3A1RFV7PC368885
https://www.beavertontoyota.com,2T3F1RFV5PW382742,https://www.beavertontoyota.com/assets/stock/colormatched_01/transparent/1280/cc_2023tos11_01_1280/cc_2023tos110016_01_1280_040.png?bg-color=FFFFFF&width=300,2023,RAV4,Toyota,2023 Toyota RAV4 LE with Accessories,34548,https://www.beavertontoyota.com/new-Beaverton-2023-Toyota-RAV4-LE+with+Accessories-2T3F1RFV5PW382742
https://www.beavertontoyota.com,2T3A1RFV1PW383834,https://www.beavertontoyota.com/assets/stock/colormatched_01/transparent/1280/cc_2023tos11_01_1280/cc_2023tos110090_01_1280_3t3.png?bg-color=FFFFFF&width=300,2023,RAV4,Toyota,2023 Toyota RAV4 XLE Premium with Accessories,39747,https://www.beavertontoyota.com/new-Beaverton-2023-Toyota-RAV4-XLE+Premium+with+Accessories-2T3A1RFV1PW383834
https://www.beavertontoyota.com,2T3G1RFV8PW383226,https://www.beavertontoyota.com/assets/stock/colormatched_01/transparent/1280/cc_2023tos11_01_1280/cc_2023tos110056_01_1280_3t3.png?bg-color=FFFFFF&width=300,2023,RAV4,Toyota,2023 Toyota RAV4 LE with Accessories,34766,https://www.beavertontoyota.com/new-Beaverton-2023-Toyota-RAV4-LE+with+Accessories-2T3G1RFV8PW383226
https://www.beavertontoyota.com,2T3P1RFV9PC370759,https://www.beavertontoyota.com/assets/stock/colormatched_01/transparent/1280/cc_2023tos11_01_1280/cc_2023tos110088_01_1280_1g3.png?bg-color=FFFFFF&width=300,2023,RAV4,Toyota,2023 Toyota RAV4 XLE,35463,https://www.beavertontoyota.com/new-Beaverton-2023-Toyota-RAV4-XLE-2T3P1RFV9PC370759
https://www.beavertontoyota.com,2T3G1RFV8PC371143,https://www.beavertontoyota.com/assets/stock/colormatched_01/transparent/1280/cc_2023tos11_01_1280/cc_2023tos110054_01_1280_1d6.png?bg-color=FFFFFF&width=300,2023,RAV4,Toyota,2023 Toyota RAV4 LE,32257,https://www.beavertontoyota.com/new-Beaverton-2023-Toyota-RAV4-LE-2T3G1RFV8PC371143
https://www.beavertontoyota.com,2T3G1RFV0PC371444,https://www.beavertontoyota.com/assets/stock/colormatched_01/transparent/1280/cc_2023tos11_01_1280/cc_2023tos110055_01_1280_218.png?bg-color=FFFFFF&width=300,2023,RAV4,Toyota,2023 Toyota RAV4 LE,32386,https://www.beavertontoyota.com/new-Beaverton-2023-Toyota-RAV4-LE-2T3G1RFV0PC371444
https://www.beavertontoyota.com,2T3P1RFV3PC371616,https://www.beavertontoyota.com/assets/stock/colormatched_01/transparent/1280/cc_2023tos11_01_1280/cc_2023tos110088_01_1280_1g3.png?bg-color=FFFFFF&width=300,2023,RAV4,Toyota,2023 Toyota RAV4 XLE,33144,https://www.beavertontoyota.com/new-Beaverton-2023-Toyota-RAV4-XLE-2T3P1RFV3PC371616
https://www.beavertontoyota.com,2T3S1RFV6PW385454,https://www.beavertontoyota.com/assets/stock/colormatched_01/transparent/1280/cc_2023tos11_01_1280/cc_2023tos110023_01_1280_8w2.png?bg-color=FFFFFF&width=300,2023,RAV4,Toyota,2023 Toyota RAV4 TRD Off Road with Accessories,42709,https://www.beavertontoyota.com/new-Beaverton-2023-Toyota-RAV4-TRD+Off+Road+with+Accessories-2T3S1RFV6PW385454
https://www.beavertontoyota.com,2T3A1RFV7PC372161,https://www.beavertontoyota.com/assets/stock/colormatched_01/transparent/1280/cc_2023tos11_01_1280/cc_2023tos110085_01_1280_1d6.png?bg-color=FFFFFF&width=300,2023,RAV4,Toyota,2023 Toyota RAV4 XLE Premium,37238,https://www.beavertontoyota.com/new-Beaverton-2023-Toyota-RAV4-XLE+Premium-2T3A1RFV7PC372161
https://www.beavertontoyota.com,2T3A1RFV9PC372050,https://www.beavertontoyota.com/assets/stock/colormatched_01/transparent/1280/cc_2023tos11_01_1280/cc_2023tos110088_01_1280_1g3.png?bg-color=FFFFFF&width=300,2023,RAV4,Toyota,2023 Toyota RAV4 XLE Premium,38648,https://www.beavertontoyota.com/new-Beaverton-2023-Toyota-RAV4-XLE+Premium-2T3A1RFV9PC372050
https://www.beavertontoyota.com,2T3P1RFV3PC372118,https://www.beavertontoyota.com/assets/stock/colormatched_01/transparent/1280/cc_2023tos11_01_1280/cc_2023tos110088_01_1280_1g3.png?bg-color=FFFFFF&width=300,2023,RAV4,Toyota,2023 Toyota RAV4 XLE,34198,https://www.beavertontoyota.com/new-Beaverton-2023-Toyota-RAV4-XLE-2T3P1RFV3PC372118
https://www.beavertontoyota.com,2T3P1RFV6PW386139,https://www.beavertontoyota.com/assets/stock/colormatched_01/transparent/1280/cc_2023tos11_01_1280/cc_2023tos110090_01_1280_3t3.png?bg-color=FFFFFF&width=300,2023,RAV4,Toyota,2023 Toyota RAV4 XLE,35888,https://www.beavertontoyota.com/new-Beaverton-2023-Toyota-RAV4-XLE-2T3P1RFV6PW386139
https://www.beavertontoyota.com,2T3P1RFVXPW385950,https://www.beavertontoyota.com/assets/stock/colormatched_01/transparent/1280/cc_2023tos11_01_1280/cc_2023tos110090_01_1280_3t3.png?bg-color=FFFFFF&width=300,2023,RAV4,Toyota,2023 Toyota RAV4 XLE,35888,https://www.beavertontoyota.com/new-Beaverton-2023-Toyota-RAV4-XLE-2T3P1RFVXPW385950
https://www.beavertontoyota.com,2T3S1RFV5PW386188,https://www.beavertontoyota.com/assets/stock/colormatched_01/transparent/1280/cc_2023tos11_01_1280/cc_2023tos110018_01_1280_1g3.png?bg-color=FFFFFF&width=300,2023,RAV4,Toyota,2023 Toyota RAV4 TRD Off Road,41394,https://www.beavertontoyota.com/new-Beaverton-2023-Toyota-RAV4-TRD+Off+Road-2T3S1RFV5PW386188
https://www.beavertontoyota.com,3TMDZ5BNXPM152579,https://www.beavertontoyota.com/assets/stock/colormatched_01/transparent/1280/cc_2023tot09_01_1280/cc_2023tot090075_01_1280_040.png?bg-color=FFFFFF&width=300,2023,Tacoma,Toyota,2023 Toyota Tacoma TRD Off-Road V6,41082,https://www.beavertontoyota.com/new-Beaverton-2023-Toyota-Tacoma-TRD+Off+Road+V6-3TMDZ5BNXPM152579
https://www.beavertontoyota.com,3TMDZ5BN8PM156193,https://www.beavertontoyota.com/assets/stock/colormatched_01/transparent/1280/cc_2023tot09_01_1280/cc_2023tot090077_01_1280_1g3.png?bg-color=FFFFFF&width=300,2023,Tacoma,Toyota,2023 Toyota Tacoma TRD Off-Road V6,43274,https://www.beavertontoyota.com/new-Beaverton-2023-Toyota-Tacoma-TRD+Off+Road+V6-3TMDZ5BN8PM156193
https://www.beavertontoyota.com,3TMDZ5BN9PM157210,https://www.beavertontoyota.com/assets/stock/colormatched_01/transparent/1280/cc_2023tot09_01_1280/cc_2023tot090077_01_1280_1g3.png?bg-color=FFFFFF&width=300,2023,Tacoma,Toyota,2023 Toyota Tacoma TRD Off-Road V6,41716,https://www.beavertontoyota.com/new-Beaverton-2023-Toyota-Tacoma-TRD+Off+Road+V6-3TMDZ5BN9PM157210
https://www.beavertontoyota.com,3TMCZ5AN6PM607862,https://www.beavertontoyota.com/static/dealer-19320/Coming_Soon.__1_.png,2023,Tacoma,Toyota,2023 Toyota Tacoma Trail Edition V6,42700,https://www.beavertontoyota.com/new-Beaverton-2023-Toyota-Tacoma-Trail+Edition+V6-3TMCZ5AN6PM607862
https://www.beavertontoyota.com,3TMCZ5AN2PM608247,https://www.beavertontoyota.com/assets/stock/colormatched_01/transparent/1280/cc_2023tot09_01_1280/cc_2023tot090075_01_1280_040.png?bg-color=FFFFFF&width=300,2023,Tacoma,Toyota,2023 Toyota Tacoma TRD Off-Road V6,40431,https://www.beavertontoyota.com/new-Beaverton-2023-Toyota-Tacoma-TRD+Off+Road+V6-3TMCZ5AN2PM608247
https://www.beavertontoyota.com,3TMCZ5AN3PM608225,https://www.beavertontoyota.com/assets/stock/colormatched_01/transparent/1280/cc_2023tot09_01_1280/cc_2023tot090079_01_1280_1j9.png?bg-color=FFFFFF&width=300,2023,Tacoma,Toyota,2023 Toyota Tacoma TRD Off-Road V6,38900,https://www.beavertontoyota.com/new-Beaverton-2023-Toyota-Tacoma-TRD+Off+Road+V6-3TMCZ5AN3PM608225
https://www.beavertontoyota.com,3TMDZ5BN7PM157495,https://www.beavertontoyota.com/assets/stock/colormatched_01/transparent/1280/cc_2023tot09_01_1280/cc_2023tot090080_01_1280_202.png?bg-color=FFFFFF&width=300,2023,Tacoma,Toyota,2023 Toyota Tacoma TRD Off-Road V6,41935,https://www.beavertontoyota.com/new-Beaverton-2023-Toyota-Tacoma-TRD+Off+Road+V6-3TMDZ5BN7PM157495
https://www.beavertontoyota.com,3TMAZ5CNXPM211244,https://www.beavertontoyota.com/inventoryphotos/8759/3tmaz5cnxpm211244/ip/1.jpg?bg-color=FFFFFF&width=300,2023,Tacoma,Toyota,2023 Toyota Tacoma SR5 V6,34708,https://www.beavertontoyota.com/new-Beaverton-2023-Toyota-Tacoma-SR5+V6-3TMAZ5CNXPM211244
https://www.beavertontoyota.com,3TMDZ5BN2PM157310,https://www.beavertontoyota.com/assets/stock/colormatched_01/transparent/1280/cc_2023tot09_01_1280/cc_2023tot090095_01_1280_202.png?bg-color=FFFFFF&width=300,2023,Tacoma,Toyota,2023 Toyota Tacoma TRD Sport V6,39986,https://www.beavertontoyota.com/new-Beaverton-2023-Toyota-Tacoma-TRD+Sport+V6-3TMDZ5BN2PM157310
https://www.beavertontoyota.com,3TMCZ5AN0PM594624,https://www.beavertontoyota.com/assets/stock/colormatched_01/transparent/1280/cc_2023tot09_01_1280/cc_2023tot090079_01_1280_1j9.png?bg-color=FFFFFF&width=300,2023,Tacoma,Toyota,2023 Toyota Tacoma TRD Off-Road V6,44904,https://www.beavertontoyota.com/new-Beaverton-2023-Toyota-Tacoma-TRD+Off+Road+V6-3TMCZ5AN0PM594624
https://www.beavertontoyota.com,3TMCZ5AN0PM607565,https://www.beavertontoyota.com/assets/stock/colormatched_01/transparent/1280/cc_2023tot09_01_1280/cc_2023tot090089_01_1280_040.png?bg-color=FFFFFF&width=300,2023,Tacoma,Toyota,2023 Toyota Tacoma TRD Sport V6,41170,https://www.beavertontoyota.com/new-Beaverton-2023-Toyota-Tacoma-TRD+Sport+V6-3TMCZ5AN0PM607565
https://www.beavertontoyota.com,3TMCZ5AN0PM608313,https://www.beavertontoyota.com/assets/stock/colormatched_01/transparent/1280/cc_2023tot09_01_1280/cc_2023tot090079_01_1280_1j9.png?bg-color=FFFFFF&width=300,2023,Tacoma,Toyota,2023 Toyota Tacoma TRD Off-Road V6,43672,https://www.beavertontoyota.com/new-Beaverton-2023-Toyota-Tacoma-TRD+Off+Road+V6-3TMCZ5AN0PM608313
https://www.beavertontoyota.com,3TMCZ5AN2PM607731,https://www.beavertontoyota.com/assets/stock/colormatched_01/transparent/1280/cc_2023tot09_01_1280/cc_2023tot090077_01_1280_1g3.png?bg-color=FFFFFF&width=300,2023,Tacoma,Toyota,2023 Toyota Tacoma TRD Off-Road V6,39120,https://www.beavertontoyota.com/new-Beaverton-2023-Toyota-Tacoma-TRD+Off+Road+V6-3TMCZ5AN2PM607731
https://www.beavertontoyota.com,3TMCZ5AN2PM608183,https://www.beavertontoyota.com/assets/stock/colormatched_01/transparent/1280/cc_2023tot09_01_1280/cc_2023tot090080_01_1280_202.png?bg-color=FFFFFF&width=300,2023,Tacoma,Toyota,2023 Toyota Tacoma TRD Off-Road with Accessories V6,38887,https://www.beavertontoyota.com/new-Beaverton-2023-Toyota-Tacoma-TRD+Off+Road+with+Accessories+V6-3TMCZ5AN2PM608183
https://www.beavertontoyota.com,3TMDZ5BN1PM157668,https://www.beavertontoyota.com/assets/stock/colormatched_01/transparent/1280/cc_2023tot09_01_1280/cc_2023tot090075_01_1280_040.png?bg-color=FFFFFF&width=300,2023,Tacoma,Toyota,"2023 Toyota Tacoma TRD Off-Road V6, with Accessories",48240,https://www.beavertontoyota.com/new-Beaverton-2023-Toyota-Tacoma-TRD+Off+Road+V6+with+Accessories-3TMDZ5BN1PM157668
https://www.beavertontoyota.com,3TYCZ5AN2PT146230,https://www.beavertontoyota.com/assets/stock/colormatched_01/transparent/1280/cc_2023tot09_01_1280/cc_2023tot090232_01_1280_1j9.png?bg-color=FFFFFF&width=300,2023,Tacoma,Toyota,2023 Toyota Tacoma TRD Sport V6,42405,https://www.beavertontoyota.com/new-Beaverton-2023-Toyota-Tacoma-TRD+Sport+V6-3TYCZ5AN2PT146230
https://www.beavertontoyota.com,3TYHZ5BN9PT025490,https://www.beavertontoyota.com/assets/stock/colormatched_01/transparent/1280/cc_2023tot09_01_1280/cc_2023tot090058_01_1280_089.png?bg-color=FFFFFF&width=300,2023,Tacoma,Toyota,2023 Toyota Tacoma Limited V6,45621,https://www.beavertontoyota.com/new-Beaverton-2023-Toyota-Tacoma-Limited+V6-3TYHZ5BN9PT025490
https://www.beavertontoyota.com,3TYSZ5AN1PT144013,https://www.beavertontoyota.com/assets/stock/colormatched_01/transparent/1280/cc_2023tot09_01_1280/cc_2023tot090055_01_1280_6x3.png?bg-color=FFFFFF&width=300,2023,Tacoma,Toyota,2023 Toyota Tacoma TRD Sport V6,39250,https://www.beavertontoyota.com/new-Beaverton-2023-Toyota-Tacoma-TRD+Sport+V6-3TYSZ5AN1PT144013
https://www.beavertontoyota.com,3TMCZ5AN1PM600527,https://www.beavertontoyota.com/assets/stock/colormatched_01/transparent/1280/cc_2023tot09_01_1280/cc_2023tot090077_01_1280_1g3.png?bg-color=FFFFFF&width=300,2023,Tacoma,Toyota,2023 Toyota Tacoma TRD Off-Road V6,42844,https://www.beavertontoyota.com/new-Beaverton-2023-Toyota-Tacoma-TRD+Off+Road+V6-3TMCZ5AN1PM600527
https://www.beavertontoyota.com,3TMCZ5AN8PM602372,https://www.beavertontoyota.com/assets/stock/colormatched_01/transparent/1280/cc_2023tot09_01_1280/cc_2023tot090077_01_1280_1g3.png?bg-color=FFFFFF&width=300,2023,Tacoma,Toyota,2023 Toyota Tacoma TRD Off-Road V6,40671,https://www.beavertontoyota.com/new-Beaverton-2023-Toyota-Tacoma-TRD+Off+Road+V6-3TMCZ5AN8PM602372
https://www.beavertontoyota.com,3TMDZ5BN2PM156089,https://www.beavertontoyota.com/assets/stock/colormatched_01/transparent/1280/cc_2023tot09_01_1280/cc_2023tot090075_01_1280_040.png?bg-color=FFFFFF&width=300,2023,Tacoma,Toyota,2023 Toyota Tacoma TRD Off-Road V6,43274,https://www.beavertontoyota.com/new-Beaverton-2023-Toyota-Tacoma-TRD+Off+Road+V6-3TMDZ5BN2PM156089
https://www.beavertontoyota.com,3TMHZ5BN8PM156017,https://www.beavertontoyota.com/assets/stock/colormatched_01/transparent/1280/cc_2023tot09_01_1280/cc_2023tot090067_01_1280_8w7.png?bg-color=FFFFFF&width=300,2023,Tacoma,Toyota,2023 Toyota Tacoma Limited V6,45250,https://www.beavertontoyota.com/new-Beaverton-2023-Toyota-Tacoma-Limited+V6-3TMHZ5BN8PM156017
https://www.beavertontoyota.com,3TMCZ5AN4PM605897,https://www.beavertontoyota.com/assets/stock/colormatched_01/transparent/1280/cc_2023tot09_01_1280/cc_2023tot090086_01_1280_6x3.png?bg-color=FFFFFF&width=300,2023,Tacoma,Toyota,2023 Toyota Tacoma TRD Off-Road V6,40332,https://www.beavertontoyota.com/new-Beaverton-2023-Toyota-Tacoma-TRD+Off+Road+V6-3TMCZ5AN4PM605897
https://www.beavertontoyota.com,3TMCZ5AN6PM606128,https://www.beavertontoyota.com/assets/stock/colormatched_01/transparent/1280/cc_2023tot09_01_1280/cc_2023tot090077_01_1280_1g3.png?bg-color=FFFFFF&width=300,2023,Tacoma,Toyota,2023 Toyota Tacoma TRD Off-Road with Accessories V6,46924,https://www.beavertontoyota.com/new-Beaverton-2023-Toyota-Tacoma-TRD+Off+Road+with+Accessories+V6-3TMCZ5AN6PM606128
